Date,Close,EMA_50,EMA_100,EMA_200
2022-09-12,14.487593650817873,,,
2022-09-13,13.115242004394531,,,
2022-09-14,13.112247467041016,,,
2022-09-15,12.91348361968994,,,
2022-09-16,13.182162284851074,,,
2022-09-17,13.182162284851074,,,
2022-09-18,13.182162284851074,,,
2022-09-19,13.36594295501709,,,
2022-09-20,13.16018772125244,,,
2022-09-21,13.245086669921877,,,
2022-09-22,12.545926094055176,,,
2022-09-23,12.500980377197266,,,
2022-09-24,12.500980377197266,,,
2022-09-25,12.500980377197266,,,
2022-09-26,12.21332550048828,,,
2022-09-27,12.398106575012209,,,
2022-09-28,12.72071647644043,,,
2022-09-29,12.20533561706543,,,
2022-09-30,12.124432563781738,,,
2022-10-01,12.124432563781738,,,
2022-10-02,12.124432563781738,,,
2022-10-03,12.496986389160156,,,
2022-10-04,13.151199340820312,,,
2022-10-05,13.19314956665039,,,
2022-10-06,13.11424446105957,,,
2022-10-07,12.06151008605957,,,
2022-10-08,12.06151008605957,,,
2022-10-09,12.06151008605957,,,
2022-10-10,11.655996322631836,,,
2022-10-11,11.572097778320312,,,
2022-10-12,11.486199378967283,,,
2022-10-13,11.945648193359377,,,
2022-10-14,11.213528633117676,,,
2022-10-15,11.213528633117676,,,
2022-10-16,11.213528633117676,,,
2022-10-17,11.873733520507812,,,
2022-10-18,11.95263957977295,,,
2022-10-19,12.036538124084473,,,
2022-10-20,12.179368019104004,,,
2022-10-21,12.45103931427002,,,
2022-10-22,12.45103931427002,,,
2022-10-23,12.45103931427002,,,
2022-10-24,12.583882331848145,,,
2022-10-25,13.245086669921877,,,
2022-10-26,12.88052463531494,,,
2022-10-27,13.16018772125244,,,
2022-10-28,13.817400932312012,,,
2022-10-29,13.817400932312012,,,
2022-10-30,13.817400932312012,,,
2022-10-31,13.480804443359377,12.590892868041992,,
2022-11-01,13.526750564575195,12.627593169866824,,
2022-11-02,13.203136444091797,12.650163494346234,,
2022-11-03,13.404892921447754,12.679760726781588,,
2022-11-04,14.139013290405272,12.736986317511928,,
2022-11-05,14.139013290405272,12.791967767429314,,
2022-11-06,14.139013290405272,12.844793082055823,,
2022-11-07,14.28383731842041,12.901226189364237,,
2022-11-08,14.584479331970217,12.967236116525257,,
2022-11-09,13.75946807861328,12.99830403660714,,
2022-11-10,15.731101036071776,13.105472546390066,,
2022-11-11,16.307405471801758,13.231038543465035,,
2022-11-12,16.307405471801758,13.351680383791965,,
2022-11-13,16.307405471801758,13.467591171557055,,
2022-11-14,16.275449752807617,13.577703272782568,,
2022-11-15,16.64600372314453,13.6980287806399,,
2022-11-16,15.890908241271973,13.784024053605863,,
2022-11-17,15.65818691253662,13.85752063630903,,
2022-11-18,15.390510559082031,13.917637888182481,,
2022-11-19,15.390510559082031,13.975397600766778,,
2022-11-20,15.390510559082031,14.030892226583061,,
2022-11-21,15.29862117767334,14.080607087410131,,
2022-11-22,16.018754959106445,14.156612886300183,,
2022-11-23,16.499177932739258,14.24847818223897,,
2022-11-24,16.499177932739258,14.336740917552707,,
2022-11-25,16.250478744506836,14.411789459786203,,
2022-11-26,16.250478744506836,14.48389492193211,,
2022-11-27,16.250478744506836,14.553172718895825,,
2022-11-28,15.808008193969728,14.602381953212449,,
2022-11-29,15.620233535766602,14.642297701547905,,
2022-11-30,16.907014846801758,14.731110138616684,,
2022-12-01,17.118816375732422,14.824745677327105,,
2022-12-02,16.860057830810547,14.904561840208808,,
2022-12-03,16.860057830810547,14.981247957487309,,
2022-12-04,16.860057830810547,15.054926776049005,,
2022-12-05,16.59431266784668,15.115294850237149,,
2022-12-06,15.971901893615724,15.148887283310819,,
2022-12-07,16.10477638244629,15.186373130335738,,
2022-12-08,17.15278434753418,15.26348729571607,,
2022-12-09,16.984941482543945,15.330995303042654,,
2022-12-10,16.984941482543945,15.3958559375329,,
2022-12-11,16.984941482543945,15.458173017729411,,
2022-12-12,17.51844024658203,15.538967811017748,,
2022-12-13,18.054933547973636,15.637633134035626,,
2022-12-14,17.65730857849121,15.716836092641728,,
2022-12-15,16.93598747253418,15.764645950676726,,
2022-12-16,16.555349349975586,15.795653927119819,,
2022-12-17,16.555349349975586,15.825445904486712,,
2022-12-18,16.555349349975586,15.854069569015687,,
2022-12-19,16.238645553588867,15.86915098017542,,
2022-12-20,16.069808959960938,15.877019920559166,14.280408325195312,
2022-12-21,16.485416412353516,15.900878606511885,14.324071851673692,
2022-12-22,15.32451343536377,15.878276050780586,14.343882576103198,
2022-12-23,15.191638946533203,15.851349105515983,14.360669830963198,
2022-12-24,15.191638946533203,15.825478118889206,14.377124664934883,
2022-12-25,15.191638946533203,15.8006216807576,14.393253660610096,
2022-12-26,15.191638946533203,15.776740004905662,14.409063270232336,
2022-12-27,14.107664108276367,15.7112860481751,14.403094969995584,
2022-12-28,14.022744178771973,15.645068719963213,14.395563271159473,
2022-12-29,14.58920669555664,15.603662366064915,14.399397794414861,
2022-12-30,14.600196838378906,15.564310776743895,14.40337401310722,
2022-12-31,14.600196838378906,15.526502387004092,14.407271494795769,
2023-01-01,14.600196838378906,15.49017667921487,14.411091798629098,
2023-01-02,14.600196838378906,15.455275508986007,14.41483645288157,
2023-01-03,14.30147933959961,15.410028600382619,14.412591757569055,
2023-01-04,14.73507022857666,15.383559644625523,14.418977469866237,
2023-01-05,14.2515287399292,15.339166275813902,14.41566165343184,
2023-01-06,14.844965934753418,15.319785870282118,14.424162728309495,
2023-01-07,14.844965934753418,15.301165480653541,14.432495465070762,
2023-01-08,14.844965934753418,15.283275302382949,14.440663197143685,
2023-01-09,15.613241195678713,15.296215141335724,14.463882563451309,
2023-01-10,15.893975257873535,15.319656714533284,14.49220123066759,
2023-01-11,15.98588752746582,15.345783413079658,14.521779177138841,
2023-01-12,16.495405197143555,15.390866620297851,14.56086088050527,
2023-01-13,16.883039474487305,15.449383202815085,14.606844615039568,
2023-01-14,16.883039474487305,15.505605017390465,14.651917780573187,
2023-01-15,16.883039474487305,15.559622054923674,14.696098408175446,
2023-01-16,16.883039474487305,15.611520777259502,14.73940417186479,
2023-01-17,17.685285568237305,15.692844886709612,14.797738456941472,
2023-01-18,17.3605899810791,15.758246655116258,14.84848799207291,
2023-01-19,16.749164581298828,15.797106181633222,14.886125152255602,
2023-01-20,17.82215118408203,15.876519711141018,14.944264281598699,
2023-01-21,17.82215118408203,15.952818984589685,15.001252141053815,
2023-01-22,17.82215118408203,16.026126129667816,15.057111528044473,
2023-01-23,19.17487525939941,16.149606487696506,15.138651403912888,
2023-01-24,19.246801376342773,16.271065110780672,15.22000090831744,
2023-01-25,19.30475234985352,16.390033237803138,15.30088707547657,
2023-01-26,19.78329467773437,16.523102313878873,15.389647622055932,
2023-01-27,20.345762252807617,16.673010546778038,15.487788505833194,
2023-01-28,20.345762252807617,16.817040025445863,15.583986005773282,
2023-01-29,20.345762252807617,16.95542128926397,15.678278604724456,
2023-01-30,19.143903732299805,17.041244130167335,15.746904844874463,
2023-01-31,19.5185489654541,17.138393339394266,15.821590867064158,
2023-02-01,20.923219680786133,17.28681790180179,15.922613219811128,
2023-02-02,21.68849372863769,17.459432640109082,16.03678907147106,
2023-02-03,21.08007049560547,17.601418438363844,16.13665603036481,
2023-02-04,21.08007049560547,17.73783616609881,16.23454542571611,
2023-02-05,21.08007049560547,17.86890417902064,16.33049641719907,
2023-02-06,21.0690860748291,17.99440150826803,16.424329875766,
2023-02-07,22.15205764770508,18.157446847069483,16.537750227685585,
2023-02-08,22.18402671813965,18.315351940052626,16.649557682942103,
2023-02-09,22.315902709960938,18.4722362839706,16.761762534962276,
2023-02-10,21.24491500854492,18.580968782973514,16.850537831468863,
2023-02-11,21.24491500854492,18.685437262407685,16.93755520131195,
2023-02-12,21.24491500854492,18.78580893872679,17.022849454920525,
2023-02-13,21.76741981506348,18.90273485544588,17.116801343240187,
2023-02-14,22.949302673339844,19.061423789480937,17.232296419083745,
2023-02-15,22.742504119873047,19.205779880868864,17.34140944286175,
2023-02-16,21.98121833801269,19.314620604678424,17.433286846726126,
2023-02-17,21.36780166625977,19.395137509054162,17.51119803127135,
2023-02-18,21.36780166625977,19.47249688776811,17.587566420083,
2023-02-19,21.36780166625977,19.546822565356017,17.66242256357165,
2023-02-20,21.36780166625977,19.618233510489496,17.735796407189234,
2023-02-21,20.63549041748047,19.65812593821463,17.793216090561337,
2023-02-22,20.734397888183597,19.70033268135067,17.85145731427663,
2023-02-23,23.641645431518555,19.85489396567098,17.966114504717062,
2023-02-24,23.26400756835937,19.98858469518817,18.071023278254533,
2023-02-25,23.26400756835937,20.117032650998805,18.173854650335816,
2023-02-26,23.26400756835937,20.240443432071768,18.27464975762341,
2023-02-27,23.478803634643555,20.36743794981968,18.377702309643613,
2023-02-28,23.19407081604004,20.478286297514597,18.473075943433642,
2023-03-01,22.67656517028809,20.564493312133166,18.556313353866404,
2023-03-02,23.29197883605957,20.67145352875773,18.650088907969238,
2023-03-03,23.867435455322266,20.79678615332889,18.75340270098613,
2023-03-04,23.867435455322266,20.917203773014904,18.854670676319518,
2023-03-05,23.867435455322266,21.03289913310539,18.95393334521066,
2023-03-06,23.531753540039062,21.130893423573376,19.04458325005875,
2023-03-07,23.26995849609375,21.214778328378095,19.12825404700994,
2023-03-08,24.16226577758789,21.330366071484363,19.227937447615442,
2023-03-09,23.417844772338867,21.412227981321795,19.310905909491154,
2023-03-10,22.947208404541016,21.472423292036275,19.382911899492143,
2023-03-11,22.947208404541016,21.53025800233058,19.453492028304993,
2023-03-12,22.947208404541016,21.585824684770206,19.522674530804714,
2023-03-13,22.948204040527344,21.639251326172445,19.590506798323975,
2023-03-14,24.04435539245605,21.733569132693372,19.678701819989957,
2023-03-15,24.209228515625,21.830653814376966,19.768415219903524,
2023-03-16,25.521211624145508,21.97538157162279,19.88233198038356,
2023-03-17,25.70506858825684,22.121643807569225,19.997633695390952,
2023-03-18,25.70506858825684,22.262170269556975,20.11065220812097,
2023-03-19,25.70506858825684,22.397185889898147,20.2214327304999,
2023-03-20,25.87993431091309,22.533764259349713,20.333482266745705,
2023-03-21,26.17870330810547,22.67670304557543,20.44922921805976,
2023-03-22,26.447492599487305,22.824577145728835,20.568006710761296,
2023-03-23,27.16993522644043,22.994983344972425,20.698737968497515,
2023-03-24,26.75825500488281,23.142562625753225,20.81872840486158,
2023-03-25,26.75825500488281,23.284354483758307,20.936342792980813,
2023-03-26,26.75825500488281,23.42058587674358,21.051628183315508,
2023-03-27,26.510448455810547,23.541756958275617,21.159723634256004,
2023-03-28,26.38953971862793,23.65343471358355,21.263284348798024,
2023-03-29,26.96309280395508,23.783225226931453,21.37615184295955,
2023-03-30,27.361785888671875,23.923560939156566,21.49467924980534,17.42528173446655
2023-03-31,27.75547981262207,24.073832267527763,21.61865549857399,17.528069775045214
2023-04-01,27.75547981262207,24.2182106026295,21.740176772119497,17.629835049050953
2023-04-02,27.75547981262207,24.356927042237054,21.859291683812618,17.73058773326559
2023-04-03,27.943336486816406,24.497570549867618,21.979767818525563,17.832207123848185
2023-04-04,27.43172836303711,24.612635562148775,22.087727433268366,17.92772474811872
2023-04-05,26.86017417907715,24.700774331440083,22.182231329224976,18.016604841959104
2023-04-06,27.01605224609375,24.791569543779442,22.277950555301587,18.106151582298754
2023-04-07,27.01605224609375,24.878804159556474,22.37177435115886,18.194807310296714
2023-04-08,27.01605224609375,24.962617810008915,22.46374025006846,18.28258089174743
2023-04-09,27.01605224609375,25.043144650639693,22.553885042068963,18.369481104228488
2023-04-10,27.557636260986328,25.141752164770935,22.65296922462178,18.460905533648965
2023-04-11,27.14794921875,25.220426559044625,22.741978729456005,18.547343779271863
2023-04-12,26.47447395324707,25.269604888229036,22.815889525966718,18.626220696425843
2023-04-13,26.442495346069336,25.31560059245807,22.887703502602413,18.703994573536725
2023-04-14,26.737266540527344,25.371352198264706,22.96393247365043,18.78392762793464
2023-04-15,26.737266540527344,25.42491746658873,23.03865196012324,18.863065328557454
2023-04-16,26.737266540527344,25.47638213615495,23.111891852804508,18.941415589373076
2023-04-17,26.9810791015625,25.53538986028858,23.188509422086845,19.02141224123566
2023-04-18,27.645566940307617,25.618141902642265,23.27676798680409,19.10722472580354
2023-04-19,27.909358978271484,25.707993552666938,23.368502461882652,19.194808151201233
2023-04-20,27.0830020904541,25.761915456109573,23.442056909973175,19.273297643134097
2023-04-21,27.09798812866211,25.81431046287634,23.514451587570974,19.351155259905518
2023-04-22,27.09798812866211,25.864650763495387,23.585412707196543,19.4282381740225
2023-04-23,27.09798812866211,25.913016934678396,23.654968656136454,19.504554093969162
2023-04-24,27.02104759216309,25.956469117324854,23.721623684572624,19.579345074050693
2023-04-25,26.220666885375977,25.966829814111172,23.77110968854893,19.645427878143483
2023-04-26,26.93511390686035,26.00480173931702,23.833763237426382,19.71796206748395
2023-04-27,27.204910278320312,26.051864819277935,23.900518624374776,19.7924590646067
2023-04-28,27.727500915527344,26.117576038738697,23.976300451922352,19.87141470491437
2023-04-29,27.727500915527344,26.18071034763237,24.05058164922146,19.949584716960267
2023-04-30,27.727500915527344,26.24136880127531,24.123391931722566,20.026976917941035
2023-05-01,28.88759994506836,26.345142571620137,24.217732684462085,20.115142321196032
2023-05-02,28.188146591186523,26.417417239054114,24.296354742020984,20.195470721892455
2023-05-03,27.78046226501465,26.470869985170214,24.365346970199077,20.270943274560338
2023-05-04,27.540645599365234,26.51282197004061,24.428224170776623,20.34327862107581
2023-05-05,28.657777786254883,26.596937884401953,24.511977707716788,20.426009956052717
2023-05-06,28.657777786254883,26.67775513545501,24.59407275877695,20.507918093666667
2023-05-07,28.657777786254883,26.7554030825452,24.67454216526166,20.5890112249362
2023-05-08,29.1284122467041,26.848462265453392,24.762737612418935,20.673980389331902
2023-05-09,28.548864364624023,26.915144700714986,24.837710419393293,20.752337443812422
2023-05-10,28.862621307373047,26.991516332348635,24.917411625095863,20.833036785738397
2023-05-11,28.555856704711918,27.052863013617785,24.989460042514,20.909880765031666
2023-05-12,28.318044662475582,27.10247798023966,25.055372609245914,20.983593838638072
2023-05-13,28.318044662475582,27.15014726189597,25.1199799766366,21.05657344882551
2023-05-14,28.318044662475582,27.195947159957917,25.18330799021757,21.12882689373745
2023-05-15,28.930564880371094,27.263971384287846,25.257511096953284,21.2064561274353
2023-05-16,29.19036674499512,27.339516300394013,25.33538942661748,21.285898024127437
2023-05-17,30.154617309570312,27.449912418400928,25.430819681725456,21.37414398716667
2023-05-18,31.653453826904297,27.61475717951871,25.55404015984781,21.476425677114307
2023-05-19,31.239776611328125,27.756914804295548,25.666629000471183,21.573573447603998
2023-05-20,31.239776611328125,27.89349762025761,25.776988359102013,21.669754573611204
2023-05-21,31.239776611328125,28.024724247358414,25.88516238389857,21.764978673488983
2023-05-22,31.1518497467041,28.147356619881773,25.989453222766006,21.85838037571003
2023-05-23,30.66422271728516,28.246057251152493,26.08202291572678,21.946000697516748
2023-05-24,30.514339447021484,28.335009494127746,26.169791559910834,22.03125779950187
2023-05-25,37.9505729675293,28.712090414653296,26.403074360061694,22.18965894545239
2023-05-26,38.91582489013672,29.112236864672255,26.650851598281,22.356088457339798
2023-05-27,38.91582489013672,29.49669129704341,26.89372235653557,22.520861954183548
2023-05-28,38.91582489013672,29.86606908500785,27.1317837928445,22.68399591374527
2023-05-29,38.91582489013672,30.22096146952271,27.365131141305735,22.845506649828767
2023-05-30,40.07991790771485,30.60758721219691,27.616909097076213,23.01699332901171
2023-05-31,37.8046875,30.889826439169582,27.818647283272725,23.164134564543932
2023-06-01,39.73918914794922,31.23686027088643,28.054697617226715,23.32906048079672
2023-06-02,39.296531677246094,31.55292581623387,28.277308192672642,23.48794079120915
2023-06-03,39.296531677246094,31.85659663431278,28.49551063791172,23.645240203010513
2023-06-04,39.296531677246094,32.148358792859185,28.709392242651017,23.800974446535246
2023-06-05,39.14065170288086,32.422566357958075,28.915951835922893,23.953608051076
2023-06-06,38.62405776977539,32.66576209959797,29.108191557385318,24.09958267514266
2023-06-07,37.44983673095703,32.853372869455185,29.273372649931293,24.232421023956732
2023-06-08,38.48414611816406,33.074187506659456,29.455764203757685,24.37422923384934
2023-06-09,38.74396896362305,33.29653187752077,29.639689050487693,24.517211718722713
2023-06-10,38.74396896362305,33.51015686128949,29.819971821044827,24.65877149230381
2023-06-11,38.74396896362305,33.715404394714334,29.996684635749347,24.7989227109239
2023-06-12,39.45549774169922,33.940506094596095,30.183987865570135,24.9447592783943
2023-06-13,40.99446105957031,34.217131779497045,30.39805664168895,25.104457803580132
2023-06-14,42.96813583374024,34.56030840907521,30.64696910093749,25.28220584368123
2023-06-15,42.62437057495117,34.87654614107035,30.884145367749642,25.45476469672869
2023-06-16,42.66333770751953,35.18191051622522,31.11739670121043,25.625994278925614
2023-06-17,42.66333770751953,35.47529981784461,31.34602919638487,25.795520084185256
2023-06-18,42.66333770751953,35.757183656655386,31.57013431541724,25.963359065511966
2023-06-19,42.66333770751953,36.02801322727751,31.789801709320255,26.129528007223485
2023-06-20,43.778587341308594,36.33195731018069,32.02720340500319,26.305140537910898
2023-06-21,43.0161018371582,36.59408062496412,32.24480535415478,26.471418759793956
2023-06-22,42.9961166381836,36.84514086077665,32.457702607303865,26.635843614305294
2023-06-23,42.1806640625,37.0543770647658,32.650236497505766,26.79051844463559
2023-06-24,42.1806640625,37.25540792742205,32.83895783542644,26.943654221927773
2023-06-25,42.1806640625,37.44855522683687,33.02394211715067,27.09526626014242
2023-06-26,40.6047248840332,37.57232658594261,33.174056627385966,27.22968873401198
2023-06-27,41.84788131713867,37.739995398930695,33.34581553213354,27.375143386580405
2023-06-28,41.08939743041992,37.871344498204785,33.499153787545154,27.511603625822588
2023-06-29,40.79459381103516,37.98598172615892,33.64361794642615,27.643772682391866
2023-06-30,42.27359771728516,38.154123529732495,33.81450863495801,27.789343080749013
2023-07-01,42.27359771728516,38.3156715370875,33.98201534945954,27.933465017430965
2023-07-02,42.27359771728516,38.470884328467804,34.14620509931747,28.076152904991705
2023-07-03,42.384521484375,38.624360295366124,34.3093400772394,28.218524731652234
2023-07-04,42.384521484375,38.771817596895886,34.46924465955892,28.359479923221613
2023-07-05,42.28859329223633,38.90973036926218,34.62408324634461,28.498078066196886
2023-07-06,42.0747299194336,39.03384799868066,34.77162080422756,28.633169129413172
2023-07-07,42.47446060180664,39.16877398311698,34.92415228536774,28.77089342267082
2023-07-08,42.47446060180664,39.29840875247736,35.073663341138804,28.907247324950777
2023-07-09,42.47446060180664,39.42295980539223,35.22021378194411,29.04224447198417
2023-07-10,42.15167999267578,39.529968440187666,35.35747053859226,29.172686616468663
2023-07-11,42.37653350830078,39.64159844285877,35.49646188452708,29.30406817758142
2023-07-12,43.87252426147461,39.80751710241233,35.66232450585277,29.449027939610207
2023-07-13,45.94613265991211,40.04824712427507,35.865964271279694,29.613178235334605
2023-07-14,45.4384765625,40.259628670872125,36.05551897011574,29.770643890331275
2023-07-15,45.4384765625,40.46272074505361,36.241320110558995,29.92654272289017
2023-07-16,45.4384765625,40.65784842416915,36.42344202049842,30.080890323284297
2023-07-17,46.429813385009766,40.88419999126094,36.62158798811251,30.243566174644748
2023-07-18,47.46210861206055,41.14215719207661,36.83625176284416,30.414894955116548
2023-07-19,47.04539489746094,41.37365670993482,37.038413013034585,30.58037256648316
2023-07-20,45.489444732666016,41.53506016180663,37.20576017579956,30.7287215432611
2023-07-21,44.27924728393555,41.64267534306659,37.34582922744582,30.863552645158357
2023-07-22,44.27924728393555,41.74607032113988,37.483124634505025,30.99704214405166
2023-07-23,44.27924728393555,41.845410594190696,37.617701320632364,31.129203389224635
2023-07-24,44.58204650878906,41.952729649665145,37.755609146140415,31.26306252474269
2023-07-25,45.64833068847656,42.09765518059893,37.91190066183024,31.406199521396758
2023-07-26,45.42148208618164,42.22800133375903,38.06060524449066,31.545655069305067
2023-07-27,45.86919021606445,42.37079305463375,38.21523068947232,31.68817780708377
2023-07-28,46.71860885620117,42.54129563508737,38.38361441554616,31.837734334935682
2023-07-29,46.71860885620117,42.70511183983693,38.548663810410616,31.985802738132353
2023-07-30,46.71860885620117,42.86250387969435,38.71044490042627,32.13239782388428
2023-07-31,46.697635650634766,43.01290120404496,38.868607093499705,32.27732556345394
2023-08-01,46.47578048706055,43.1487003916142,39.0192441904019,32.41860372189779
2023-08-02,44.2392807006836,43.19146824687182,39.12261125001144,32.536222398303615
2023-08-03,44.48511505126953,43.242199494103104,39.228799444095756,32.65511685256198
2023-08-04,44.65000534057617,43.29740756651381,39.33615005590725,32.77446897682083
2023-08-05,44.65000534057617,43.35045061647704,39.44137491302941,32.892633517753715
2023-08-06,44.65000534057617,43.40141354683387,39.54451610961449,33.00962229211016
2023-08-07,45.386512756347656,43.47926057465794,39.66019921153,33.132775431057794
2023-08-08,44.634010314941406,43.52454487819847,39.758690520508445,33.24721557915614
2023-08-09,42.525428771972656,43.48536385442491,39.813477416577044,33.3395361084379
2023-08-10,42.35954284667969,43.44121401098392,39.8638945538068,33.429287419266174
2023-08-11,40.82756805419922,43.33871809111001,39.88297719737893,33.50290215195208
2023-08-12,40.82756805419922,43.24024161907429,39.90168196682092,33.57578439973563
2023-08-13,40.82756805419922,43.145626969471344,39.920016344788806,33.647941451023826
2023-08-14,43.7236213684082,43.168293416488474,39.995335256147605,33.74819697258984
2023-08-15,43.91049957275391,43.19739954026359,40.07286326241704,33.849314411397444
2023-08-16,43.45680618286133,43.20757234977722,40.139872033118905,33.94491134444684
2023-08-17,43.314903259277344,43.21178140505174,40.20274393858739,34.03814509484316
2023-08-18,43.26993179321289,43.21406181243061,40.26348033174829,34.13000366895629
2023-08-19,43.26993179321289,43.21625279206913,40.32301402405452,34.22094822740661
2023-08-20,43.26993179321289,43.21835785093751,40.38136883136459,34.31098786487732
2023-08-21,46.93546676635742,43.3641268280128,40.5111529488892,34.436604570364686
2023-08-22,45.63733673095703,43.45327231440277,40.61266153863311,34.548054641614364
2023-08-23,47.08437347412109,43.59566843831329,40.74081425022693,34.67279413248508
2023-08-24,47.1313362121582,43.73432207650329,40.8673592395721,34.79675972531765
2023-08-25,45.98711013793945,43.822666706363535,40.968740445480364,34.90810649559249
2023-08-26,45.98711013793945,43.90754684093514,41.06811410275678,35.0183453378049
2023-08-27,45.98711013793945,43.98909834277845,41.1655199648396,35.1274872761147
2023-08-28,46.80355453491211,44.099469173842515,41.27716421375193,35.24366704983407
2023-08-29,48.75124740600586,44.28189184961363,41.4251658611233,35.378070834472595
2023-08-30,49.230918884277344,44.47597134116907,41.57973522791843,35.51591011855025
2023-08-31,49.32186126708984,44.66600624022479,41.733044654436675,35.653282766794426
2023-09-01,48.47643661499024,44.81543488237245,41.86657716850704,35.78087633742324
2023-09-02,48.47643661499024,44.959003577769224,41.997465474378,35.9072003202846
2023-09-03,48.47643661499024,45.09694212824848,42.12576193260794,36.03226734809262
2023-09-04,48.47643661499024,45.229471323806976,42.25151786691254,36.156089927862745
2023-09-05,48.515411376953125,45.358331718048,42.375555362160874,36.279068250739265
2023-09-06,47.03328323364258,45.42401609120857,42.46778759723972,36.38607536499701
2023-09-07,46.21376419067383,45.45498660491309,42.541965351565146,36.48386331351121
2023-09-08,45.5451545715332,45.458522603604074,42.60143444502986,36.574025415581076
2023-09-09,45.5451545715332,45.461919935679724,42.65972593268339,36.66329038230697
2023-09-10,45.5451545715332,45.46518403904653,42.7168631334527,36.75166714040872
2023-09-11,45.1513900756836,45.45287839342445,42.7650715877543,36.835246473098024
2023-09-12,44.84356689453125,45.4289838248404,42.806229910660775,36.91493125341079
2023-09-13,45.45820617675781,45.430129799425394,42.85874429216765,36.99993896409086
2023-09-14,45.55415725708008,45.434993621294204,42.91211880632433,37.0850555640211
2023-09-15,43.874141693115234,45.37378374175778,42.931168764478606,37.15260865983298
2023-09-16,43.874141693115234,45.31497424965415,42.94984149573874,37.21948958553728
2023-09-17,43.874141693115234,45.25847101214282,42.968144469944214,37.28570502939378
2023-09-18,43.94009399414063,45.20676995261332,42.98739099517583,37.35191785491365
2023-09-19,43.49436569213867,45.139616844359416,42.997430098085985,37.41303673886614
2023-09-20,42.21411895751953,45.02489143703236,42.9819189863916,37.4608087012408
2023-09-21,40.99283981323242,44.86677176551079,42.94253127999241,37.49595328941982
2023-09-22,41.585487365722656,44.73809394591125,42.915659123274196,37.53664517077607
2023-09-23,41.585487365722656,44.61446231531562,42.8893190884712,37.576932157790466
2023-09-24,41.585487365722656,44.49567898395903,42.86350063851578,37.616818279262425
2023-09-25,42.19712829589844,44.405539741289985,42.85030514658276,37.66239350330856
2023-09-26,41.88631820678711,44.30674673993693,42.83121629628978,37.704422604835706
2023-09-27,42.44298553466797,44.2336580652205,42.82352855843588,37.75157248473453
2023-09-28,43.06361389160156,44.18777397998054,42.828282723449064,37.80442861813619
2023-09-29,43.47336959838867,44.1597581218789,42.841056720972624,37.860835991074026
2023-09-30,43.47336959838867,44.13284092487928,42.85357776805017,37.916682096619446
2023-10-01,43.47336959838867,44.10697930423259,42.86585087360143,37.97197251952262
2023-10-02,44.755615234375,44.132416007375426,42.90327195005239,38.03947145200872
2023-10-03,43.49136734008789,44.107276843952384,42.91491740332042,38.09371917228811
2023-10-04,44.01506423950195,44.1036606633857,42.93670248918541,38.1526380286783
2023-10-05,44.66168212890625,44.125543858111996,42.970860501853146,38.217404636640765
2023-10-06,45.73504257202149,44.1886614547359,43.02559678047034,38.29220700415699
2023-10-07,45.73504257202149,44.2493038514922,43.07924917238224,38.36626506950888
2023-10-08,45.73504257202149,44.30756811504237,43.13183914069193,38.43958623868811
2023-10-09,45.2463264465332,44.3443821672577,43.173710176451166,38.507314996975126
2023-10-10,45.77102279663086,44.40032885860567,43.22514210952403,38.579590696474185
2023-10-11,46.7784309387207,44.49358776370822,43.29550426455763,38.661171196397035
2023-10-12,46.9173469543457,44.588637143733216,43.367223921781154,38.74332219896369
2023-10-13,45.43421936035156,44.621797230659425,43.40815452452512,38.80989829012178
2023-10-14,45.43421936035156,44.6536569220199,43.44827462028406,38.875811932611626
2023-10-15,45.43421936035156,44.68426721371918,43.487600258701235,38.94106971796227
2023-10-16,46.067848205566406,44.73852529183084,43.53869427745104,39.0119829367444
2023-10-17,43.91211700439453,44.70611712369608,43.54608878689547,39.06074048965635
2023-10-18,42.171142578125,44.606706357203095,43.51886212929605,39.09168976416847
2023-10-19,42.076202392578125,44.50747090760996,43.490294609757086,39.121386407237225
2023-10-20,41.36262512207031,44.38414362190252,43.44816254069398,39.14368728997188
2023-10-21,41.36262512207031,44.26565270034047,43.406864770028164,39.165766273375844
2023-10-22,41.36262512207031,44.15180848158477,43.3663847769993,39.187625565402655
2023-10-23,42.94968795776367,44.10466650025845,43.35813335483621,39.22505902204306
2023-10-24,43.63727188110352,44.08633729950728,43.363660850405864,39.2689616375561
2023-10-25,41.754390716552734,43.994888413901215,43.33179411508204,39.29369227515806
2023-10-26,40.30224609375,43.850078911150185,43.27180306515467,39.30372763653708
2023-10-27,40.47614669799805,43.71776784396775,43.216443533131766,39.31539349784515
2023-10-28,40.47614669799805,43.59064544608658,43.162180229465754,39.326943280931246
2023-10-29,40.47614669799805,43.46850824027919,43.10899144666441,39.33837814080256
2023-10-30,41.136756896972656,43.37706701112992,43.069937297165566,39.35627245678435
2023-10-31,40.755977630615234,43.2742791922862,43.02411631366952,39.37019987144934
2023-11-01,42.30007553100586,43.23607512713795,43.00977887242866,39.39935286308672
2023-11-02,43.48036956787109,43.24565530128435,43.019097500061186,39.43995999447761
2023-11-03,44.97848892211914,43.31360956092493,43.057897330200944,39.49506973505116
2023-11-04,44.97848892211914,43.378898947638426,43.09592884687259,39.54963111999711
2023-11-05,44.97848892211914,43.44162796624551,43.1332072642042,39.60364960559036
2023-11-06,45.72405242919922,43.53113480792997,43.18451112885757,39.664549136173534
2023-11-07,45.92793273925781,43.62512688366832,43.238836309261536,39.726871361079844
2023-11-08,46.54656600952149,43.73969312389786,43.304335907286486,39.79472901927329
2023-11-09,46.92234420776367,43.86450297032397,43.37597963600881,39.86565056343738
2023-11-10,48.3065299987793,44.03870010869477,43.47361429665773,39.94963941354028
2023-11-11,48.3065299987793,44.2060659867373,43.56931559768984,40.03279255369191
2023-11-12,48.3065299987793,44.366868497013456,43.663121823453984,40.11511829941418
2023-11-13,48.59135818481445,44.53253475928016,43.76071066229281,40.19945899479129
2023-11-14,49.626747131347656,44.73230779347889,43.876869800293896,40.29326285684658
2023-11-15,48.85920333862305,44.894146834464934,43.97552987035982,40.37849609547122
2023-11-16,49.45085525512695,45.07284128233403,44.083952155206696,40.468768325915555
2023-11-17,49.26896667480469,45.23739521929367,44.18662571005022,40.55633248859107
2023-11-18,49.26896667480469,45.395496060686256,44.287266125193874,40.64302536606583
2023-11-19,49.26896667480469,45.54739686908306,44.38591366082973,40.728855627844325
2023-11-20,50.37931060791016,45.7368836823704,44.504594788494686,40.824880055506675
2023-11-21,49.914581298828125,45.90071496144717,44.61172323424386,40.91532484399744
2023-11-22,48.68730545043945,46.00999301983902,44.692427832584364,40.992657984360044
2023-11-23,48.68730545043945,46.114985664176295,44.77153432006664,41.069221640738945
2023-11-24,47.74785614013672,46.17901980048847,44.830471385810604,41.13567571535982
2023-11-25,47.74785614013672,46.24054279420017,44.88824138094577,41.201468555407345
2023-11-26,47.74785614013672,46.299653121491794,44.94486741578124,41.266606740330026
2023-11-27,48.21358489990234,46.374709269664756,45.00959449467473,41.33573090112179
2023-11-28,47.79282379150391,46.43032160385452,45.06470794609709,41.399980581623105
2023-11-29,48.11164474487305,46.49625584467878,45.12504332825107,41.466763309615644
2023-11-30,46.742454528808594,46.50591069503681,45.157071272816566,41.51925774960761
2023-12-01,46.73745346069336,46.51499080349393,45.1883659696062,41.57118009499155
2023-12-02,46.73745346069336,46.52371482926646,45.21904096942971,41.622585800122906
2023-12-03,46.73745346069336,46.53209673638124,45.24910854351414,41.67348000570072
2023-12-04,45.48319625854492,46.49096338430923,45.25374394381178,41.711387630107126
2023-12-05,46.54266357421875,46.49299084273706,45.27926710480993,41.75946002756097
2023-12-06,45.48019409179688,46.45327332309235,45.283245857027495,41.79648225705586
2023-12-07,46.57265090942383,46.45795479706613,45.308778630342275,41.84400632324857
2023-12-08,47.48219299316406,46.49812100083468,45.351816538516964,41.90010768314823
2023-12-09,47.48219299316406,46.5367120593574,45.394002210886214,41.955650820561324
2023-12-10,47.48219299316406,46.573789743036095,45.435352523406564,42.01064128994046
2023-12-11,46.603633880615234,46.57496010137253,45.45848680770773,42.05634270875314
2023-12-12,47.63311767578125,46.61645647683954,45.501548805095325,42.11183300693253
2023-12-13,48.06390380859375,46.67321911730049,45.5522885081349,42.171057592023686
2023-12-14,48.32576751708984,46.738024936900075,45.60720888454985,42.23229848680047
2023-12-15,48.86549377441406,46.82145508739082,45.671729377418444,42.298300429960804
2023-12-16,48.86549377441406,46.90161346727408,45.73497223676489,42.3636456373683
2023-12-17,48.86549377441406,46.97862838127957,45.79696276226289,42.42834064370707
2023-12-18,50.05190658569336,47.09914909517815,45.88121907559815,42.50419702123927
2023-12-19,49.57913589477539,47.19640347947608,45.95444515122543,42.574594422966
2023-12-20,48.086891174316406,47.23132456554825,45.99667180514802,42.629443146860034
2023-12-21,48.965450286865234,47.29932949579597,46.05545949785529,42.69248799402426
2023-12-22,48.8055305480957,47.3583962037293,46.1099163503353,42.75331428809462
2023-12-23,48.8055305480957,47.41514657017504,46.16329484930085,42.81353534540806
2023-12-24,48.8055305480957,47.469671432054284,46.215616348286886,42.87315718822087
2023-12-25,48.8055305480957,47.522058064055905,46.26690177798607,42.93218577886639
2023-12-26,49.25429916381836,47.589989087576,46.32605816186394,42.995092379711686
2023-12-27,49.39223098754883,47.66066524051611,46.38677445544186,43.058745500187676
2023-12-28,49.4971809387207,47.732685463975116,46.44836666303154,43.12280953440194
2023-12-29,49.4971809387207,47.80188136494553,46.50873922294618,43.18623611553944
2023-12-30,49.4971809387207,47.86836370117201,46.567916286624886,43.24903158641686
2023-12-31,49.4971809387207,47.93223888695823,46.625921527260445,43.311202226738295
2024-01-01,49.4971809387207,47.993609163497936,46.68277814926956,43.372754253723194
2024-01-02,48.14385986328125,47.99950134780316,46.711710460438105,43.42022794138049
2024-01-03,47.54515838623047,47.9816839767611,46.72821437976073,43.461272025408846
2024-01-04,47.97394943237305,47.9813806612949,46.752882400604534,43.50617428816471
2024-01-05,49.072391510009766,48.02416540046019,46.798813274058105,43.56155953415322
2024-01-06,49.072391510009766,48.065272306717034,46.84383462526507,43.61639368316671
2024-01-07,49.072391510009766,48.1047671774344,46.88796446456694,43.67068221875719
2024-01-08,52.226810455322266,48.26641593343,46.993684187156155,43.755817823101125
2024-01-09,53.11336898803711,48.456492523806745,47.114866064401326,43.84892778494128
2024-01-10,54.32276153564453,48.68654228897685,47.25759666779228,43.95314503619206
2024-01-11,54.79452133178711,48.92607087889098,47.40684270074267,44.06101942719301
2024-01-12,54.682579040527344,49.15181629699437,47.5509166876691,44.16670658752469
2024-01-13,54.682579040527344,49.3687089536035,47.69213772435936,44.27134213432074
2024-01-14,54.682579040527344,49.57709601583581,47.83056230487754,44.374936531397424
2024-01-15,54.682579040527344,49.777311036411945,47.96624580459338,44.47750013845344
2024-01-16,56.35374450683594,50.03521038819328,48.1323348878061,44.59567172420849
2024-01-17,56.0249137878418,50.27010071759126,48.288623578895916,44.70939552583668
2024-01-18,57.07837677001953,50.53709193533355,48.46267809753203,44.83246996607731
2024-01-19,59.461185455322266,50.887056387097815,48.680470322438765,44.97802932417925
2024-01-20,59.461185455322266,51.22329674271446,48.89394983002062,45.12214033045928
2024-01-21,59.461185455322266,51.54635120203241,49.10320202062065,45.26481739637832
2024-01-22,59.62411117553711,51.86312610295416,49.31153685537147,45.40769594144457
2024-01-23,59.84299850463867,52.176062275569244,49.52008065040646,45.55133079281964
2024-01-24,61.33124923706055,52.53508921523557,49.753965176874864,45.70834490669269
2024-01-25,61.58612060546875,52.890031622695695,49.98826528437177,45.866332724590954
2024-01-26,61.00041198730469,53.20808575464115,50.206327595320936,46.01692057795129
2024-01-27,61.00041198730469,53.51366717552991,50.420071840706754,46.16601004471102
2024-01-28,61.00041198730469,53.807265011285786,50.629583526778,46.313616034189565
2024-01-29,62.433692932128906,54.14555630229924,50.86332826747802,46.474014809293436
2024-01-30,62.74253845214844,54.48269285719529,51.098560152322975,46.635890666436275
2024-01-31,61.49616622924805,54.75773102864834,51.30445334196506,46.783754104872216
2024-02-01,62.99541473388672,55.0807774484616,51.5359575279437,46.94506416088231
2024-02-02,66.12684631347656,55.51395661963866,51.824886018746334,47.13592766488822
2024-02-03,66.12684631347656,55.93014837233819,52.10809315329545,47.32489202955079
2024-02-04,66.12684631347656,56.33001887983381,52.385692225774285,47.5119761517789
2024-02-05,69.29725646972656,56.83853800100607,52.72057468605057,47.72874511016644
2024-02-06,68.18881225585938,57.28364679531404,53.02687642010619,47.93232786783503
2024-02-07,70.06385803222656,57.784831549702766,53.364242392623424,48.152542098326485
2024-02-08,69.60609436035156,58.248410483453696,53.685863223667546,48.366010280038175
2024-02-09,72.09686279296875,58.79148704461115,54.0504374725646,48.60213816573898
2024-02-10,72.09686279296875,59.31326648572321,54.40779242940429,48.835916520238776
2024-02-11,72.09686279296875,59.814583987968135,54.75807105046497,49.06736872195748
2024-02-12,72.2117919921875,60.300749007741445,55.103689286934724,49.297661490815486
2024-02-13,72.09185791015625,60.76314543528712,55.44008866561238,49.524469415386044
2024-02-14,73.86296844482422,61.27686398468073,55.80489816619083,49.76664353508195
2024-02-15,72.62158203125,61.721754888467764,56.13790180708309,49.994055858426904
2024-02-16,72.57660675048828,62.14743535364504,56.46342071685349,50.21875785735289
2024-02-17,72.57660675048828,62.55642246724673,56.782493707618535,50.44122401549354
2024-02-18,72.57660675048828,62.94937087051111,57.09524842133873,50.66147658002085
2024-02-19,72.57660675048828,63.326909532471,57.401809972411,50.879537576741924
2024-02-20,69.41719818115234,63.5657443814389,57.63973845179202,51.063991911114165
2024-02-21,67.43819427490234,63.71760516157472,57.83376727997242,51.226919297818526
2024-02-22,78.4986343383789,64.29725336458665,58.2429725682577,51.49827964648082
2024-02-23,78.77750396728516,64.86510632939836,58.649596952396855,51.76971471434952
2024-02-24,78.77750396728516,65.41069055049196,59.04816936853326,52.03844893577176
2024-02-25,78.77750396728516,65.93487931193484,59.43884926157785,52.30450918484155
2024-02-26,79.05237579345703,66.44929093866119,59.82723592557546,52.57065711129543
2024-02-27,78.66155242919922,66.92820315397641,60.200192688023456,52.83026800998104
2024-02-28,77.62408447265625,67.34764948019915,60.54522024811519,53.076972651400695
2024-02-29,79.07234954833984,67.80744163973408,60.91209409564439,53.3356331180369
2024-03-01,82.23775482177734,68.37333627432402,61.334384407052966,53.62321641857163
2024-03-02,82.23775482177734,68.91703896245944,61.74831253407721,53.90793819372791
2024-03-03,82.23775482177734,69.43941997655034,62.154044064526715,54.18982691639507
2024-03-04,85.19428253173828,70.05725772381261,62.610286410412094,54.49832896231888
2024-03-05,85.9249496459961,70.67952015213353,63.07196291012663,54.8110316556888
2024-03-06,88.65970611572266,71.38462548403899,63.57865089439586,55.147834386634415
2024-03-07,92.62689208984376,72.21765554701173,64.15386359133542,55.52076033393003
2024-03-08,87.48824310302734,72.81650211783587,64.61593051235903,55.83884473959269
2024-03-09,87.48824310302734,73.391864509412,65.06884759336236,56.15376412629353
2024-03-10,87.48824310302734,73.94466366994594,65.51279601929632,56.465549986758546
2024-03-11,85.73503875732422,74.40703132043136,65.91323646955429,56.75678868099303
2024-03-12,91.87124633789062,75.09190249758662,66.42725646694709,57.10618626961888
2024-03-13,90.84671783447266,75.70973839315077,66.91081015739313,57.44191295185623
2024-03-14,87.90404510498047,76.18794649949703,67.32651778011763,57.745018744424634
2024-03-15,87.7970962524414,76.6432072741223,67.73187576966859,58.044044391270575
2024-03-16,87.7970962524414,77.08061468503678,68.12920686833736,58.34009465854591
2024-03-17,87.7970962524414,77.50086886415069,68.51867002445823,58.633199152017504
2024-03-18,88.41482543945312,77.92886716122138,68.91265330000269,58.92953374194224
2024-03-19,89.3573989868164,78.37704487987216,69.31749974924652,59.23229857024944
2024-03-20,90.33094787597656,78.84582538952331,69.73360763294414,59.54173786682384
2024-03-21,91.39346313476562,79.33788961482693,70.16251566268318,59.8586704565546
2024-03-22,94.24617004394533,79.92252806302766,70.63941970983689,60.20083463155351
2024-03-23,94.24617004394533,80.48423951325972,71.1068801124925,60.539594187895716
2024-03-24,94.24617004394533,81.02392306348268,71.56508387351137,60.87498300238377
2024-03-25,94.9588394165039,81.5703903714443,72.02832655753102,61.214125852275515
2024-03-26,92.51895141601562,81.99974570652553,72.43408150522379,61.52561665390477
2024-03-27,90.20899200439452,82.32167693389295,72.78605993094995,61.81102337381014
2024-03-28,90.31494903564452,82.63513858494203,73.13316664589439,62.09464452467416
2024-03-29,90.31494903564452,82.93630762222448,73.4733999605429,62.37544357453456
2024-03-30,90.31494903564452,83.22566610902525,73.80689598183204,62.653448603998335
2024-03-31,90.31494903564452,83.5036772041868,74.1337881215115,62.92868741426347
2024-04-01,90.32194519042967,83.77106026247084,74.45434568723265,63.20125714337955
2024-04-02,89.41136169433594,83.99224855391653,74.75052422202677,63.462054203588075
2024-04-03,88.92359161376953,84.18563455626371,75.03117902186325,63.715402834535155
2024-04-04,85.865966796875,84.25152993824847,75.24572927483378,63.935806456050976
2024-04-05,87.96802520751953,84.3972748507689,75.49765592696617,64.17493301079196
2024-04-06,87.96802520751953,84.53730427652383,75.74459393252168,64.41168019682905
2024-04-07,87.96802520751953,84.67184235224914,75.98664207658105,64.64607168947273
2024-04-08,87.09341430664062,84.7668059583037,76.2065781603446,64.86942833242964
2024-04-09,85.3152084350586,84.78831193778429,76.38694707667558,65.07286893046575
2024-04-10,86.99945831298828,84.8750235603413,76.59709581402831,65.29104394919732
2024-04-11,90.57483673095705,85.09854564546349,76.87388276287838,65.54262397687651
2024-04-12,88.14595031738281,85.21805171102895,77.09709202138342,65.76753269668255
2024-04-13,88.14595031738281,85.33287126421929,77.31588129457153,65.99020351877907
2024-04-14,88.14595031738281,85.44318808983355,77.53033810690442,66.21065871080498
2024-04-15,85.96192932128906,85.46353088322397,77.69730030916946,66.4071887666307
2024-04-16,87.37528991699219,85.53850182572468,77.88894366774021,66.61582658902235
2024-04-17,83.99681854248047,85.47804365775431,78.0098916850618,66.7887717825891
2024-04-18,84.63252258300781,85.44488596854856,78.14103289096172,66.96632154179724
2024-04-19,76.16539001464844,85.08098416643483,78.10191124984661,67.0578545614276
2024-04-20,76.16539001464844,84.73135302322753,78.06356429469417,67.14847680474324
2024-04-21,76.16539001464844,84.39543290524404,78.02597668518831,67.23819733419504
2024-04-22,79.48188018798828,84.20274456339087,78.05480645752098,67.36002502428254
2024-04-23,82.38555908203125,84.13148238765127,78.14056393523406,67.50953282585218
2024-04-24,79.64080047607422,83.95537721464825,78.17027158950812,67.63024195670016
2024-04-25,82.59446716308594,83.90200819301836,78.25787942264827,67.77913971994778
2024-04-26,87.69515228271484,84.05075894163392,78.44475611294662,67.97730899917929
2024-04-27,87.69515228271484,84.19367632755866,78.62793227472422,68.17350644478661
2024-04-28,87.69515228271484,84.3309891101138,78.80748118577354,68.3677516770048
2024-04-29,87.7171401977539,84.4637793488448,78.98391007709988,68.56028290606699
2024-04-30,86.36276245117188,84.53824927442625,79.13002596569537,68.73742200601828
2024-05-01,83.0032730102539,84.47805412681164,79.20672392697375,68.87937077222958
2024-05-02,85.77801513671875,84.52903298994525,79.33684850538454,69.04751648729912
2024-05-03,88.74866485595703,84.69450874939669,79.52322110638598,69.24354781435044
2024-05-04,88.74866485595703,84.85349526337944,79.70590316083293,69.43762858093359
2024-05-05,88.74866485595703,85.00624701210798,79.88496774885519,69.62977819561044
2024-05-06,92.09813690185548,85.28436034111769,80.12681268257796,69.85334395388153
2024-05-07,90.51286315917967,85.48939966731619,80.33247704845127,70.05891130915813
2024-05-08,90.37093353271484,85.68083236792006,80.53125836497134,70.26102098302437
2024-05-09,88.7066879272461,85.79949337024657,80.69314805927381,70.44455995759374
2024-05-10,89.83716583251953,85.95783346680629,80.87421771814996,70.63752121008056
2024-05-11,89.83716583251953,86.10996414781465,81.0517018392266,70.82856245010483
2024-05-12,89.83716583251953,86.25612891976387,81.2256714232522,71.01770278226816
2024-05-13,90.3579330444336,86.4169839834764,81.40650828703797,71.21014288437925
2024-05-14,91.3144989013672,86.60904339202114,81.60270612098508,71.41018622783187
2024-05-15,94.58699798583984,86.92190435648462,81.85982081137824,71.64080127020011
2024-05-16,94.31613159179688,87.21187405198705,82.10648043079247,71.86642644752943
2024-05-17,92.43698120117188,87.41678021470018,82.31104480248315,72.0711085843816
2024-05-18,92.43698120117188,87.61365084162064,82.5115583945364,72.27375408305613
2024-05-19,92.43698120117188,87.80280105179912,82.70810142041036,72.47438320860952
2024-05-20,94.73695373535156,88.07472860801687,82.94629651575573,72.69590132330347
2024-05-21,95.34266662597656,88.35974578519176,83.19176919120565,72.92124227158878
2024-05-22,94.90687561035156,88.61649597441371,83.42375149653527,73.1400047923725
2024-05-23,103.75186157226562,89.21003972334908,83.82628832971805,73.44460038222218
2024-05-24,106.42063903808594,89.8849651866721,84.27370121503228,73.77272016984271
2024-05-25,106.42063903808594,90.53342298476676,84.71225443925115,74.09757508395458
2024-05-26,106.42063903808594,91.15645106528908,85.14212344120828,74.41919761086136
2024-05-27,106.42063903808594,91.75504667206542,85.56348018570091,74.73761991361981
2024-05-28,113.84925842285156,92.62148634856683,86.12359460623854,75.12679044604998
2024-05-29,114.77283477783205,93.49016667912625,86.69090629280475,75.5212784493513
2024-05-30,110.44979858398438,94.15525028323833,87.16137940748158,75.8688259133775
2024-05-31,109.58319854736328,94.76026786222363,87.6053758260931,76.20429230774552
2024-06-01,109.58319854736328,95.34155926164087,88.04058023641528,76.53642072804023
2024-06-02,109.58319854736328,95.90005491990449,88.46716673762216,76.86524438793398
2024-06-03,114.94775390625,96.64702350760432,88.99153480036728,77.24417483090231
2024-06-04,116.38410949707033,97.42102687974024,89.53396202208417,77.63362691713284
2024-06-05,122.3843765258789,98.3999817678241,90.18446527958505,78.07890800776714
2024-06-06,120.94303131103516,99.2840229263814,90.79354579505932,78.50541669735189
2024-06-07,120.83308410644533,100.129084149129,91.38838813785904,78.92658751734287
2024-06-08,120.83308410644533,100.94100571608259,91.9714514243657,79.34356758290608
2024-06-09,120.83308410644533,101.72108722158701,92.54296890321876,79.75639859309055
2024-06-10,121.73467254638672,102.5059337049125,93.12102244070724,80.17409286128256
2024-06-11,120.8650131225586,103.22589760364372,93.6704083948033,80.57897764000172
2024-06-12,125.15340423583984,104.08579982451415,94.29383405502185,81.02250427279613
2024-06-13,129.561767578125,105.08485738347929,94.99220897627141,81.50548201712776
2024-06-14,131.83091735839844,106.13372248053494,95.72168835017492,82.00623261753842
2024-06-15,131.83091735839844,107.14145561300018,96.43672258796153,82.50200062491015
2024-06-16,131.83091735839844,108.10966979909422,97.13759773193057,82.99283561728318
2024-06-17,130.93125915527344,109.00463408757183,97.80677914625419,83.46983485646716
2024-06-18,135.529541015625,110.04482651612294,98.55376452980609,83.98784188292645
2024-06-19,135.529541015625,111.04422708473086,99.28595812358468,84.50069461061499
2024-06-20,130.7313232421875,111.8162700712978,99.90863862098276,84.96070086565551
2024-06-21,126.52288818359376,112.39300019334861,100.43565346380673,85.37425496832157
2024-06-22,126.52288818359376,112.94711344786803,100.95223236914904,85.78369410479193
2024-06-23,126.52288818359376,113.47949677083767,101.45858198923706,86.1890592200039
2024-06-24,118.06603240966795,113.6593609135369,101.78744239360203,86.50624303283638
2024-06-25,126.0430679321289,114.14499648289345,102.26775181020653,86.89964427561542
2024-06-26,126.35295104980467,114.62373979924291,102.74468644861442,87.29221449227401
2024-06-27,123.94384765625,114.98923422500789,103.16447181906264,87.65690735957726
2024-06-28,123.4940185546875,115.32275517911297,103.5670371009562,88.01349553067288
2024-06-29,123.4940185546875,115.6431968801159,103.9616307931093,88.36653556076259
2024-06-30,123.4940185546875,115.95107223990301,104.3484107487841,88.716062754732
2024-07-01,124.25374603271484,116.27666729060152,104.74257580391145,89.06967154356764
2024-07-02,122.62434387207033,116.52559578399246,105.09667022110271,89.40354888016965
2024-07-03,128.2322540283203,116.98468042102492,105.55480059352287,89.78990415527562
2024-07-04,128.2322540283203,117.42576173895807,106.00385907738024,90.17241509928601
2024-07-05,125.78317260742188,117.75350334164293,106.39552865223256,90.52675099488935
2024-07-06,125.78317260742188,118.06839233245779,106.77944239391947,90.87756116018818
2024-07-07,125.78317260742188,118.37093273539756,107.15575388329576,91.22488067707607
2024-07-08,128.1522674560547,118.75451448914882,107.57152642929098,91.59231736144402
2024-07-09,131.33111572265625,119.24771453752166,108.04201334599128,91.9877282904113
2024-07-10,134.85980224609375,119.85995327119116,108.57305867074578,92.41431609096536
2024-07-11,127.3525848388672,120.15378196011963,108.94493047605512,92.76196055611861
2024-07-12,129.19190979003906,120.50821834560666,109.34586075950034,93.12444761317255
2024-07-13,129.19190979003906,120.84875526499617,109.738851829412,93.48332783383789
2024-07-14,129.19190979003906,121.17593779539001,110.12406089793927,93.83863710703392
2024-07-15,128.3922119140625,121.45892893729874,110.48580646261497,94.18245377178047
2024-07-16,126.31297302246094,121.6492836073051,110.7992157014238,94.50216043099122
2024-07-17,117.94607543945312,121.50405975758541,110.94073767643428,94.73543321714507
2024-07-18,121.044921875,121.48605435042519,111.14082053185142,94.99721917393965
2024-07-19,117.8861083984375,121.34487999936685,111.2743905886155,95.22496931547694
2024-07-20,117.8861083984375,121.20924189736962,111.4053156937605,95.45045328645168
2024-07-21,117.8861083984375,121.07892293662718,111.53364822256599,95.67369363582466
2024-07-22,123.4940185546875,121.17363256870797,111.77048723904365,95.95051278924619
2024-07-23,122.54437255859376,121.22738707811526,111.98383150279712,96.2151283093392
2024-07-24,114.2074737548828,120.95209635955712,112.0278640226404,96.39415662223018
2024-07-25,112.23820495605467,120.61037512804722,112.0320291896387,96.5518088444573
2024-07-26,113.0179214477539,120.3126318464671,112.05155180861128,96.715650760908
2024-07-27,113.0179214477539,120.02656477200776,112.07068784106954,96.87786240953334
2024-07-28,113.0179214477539,119.75171601419389,112.089444942192,97.0384600119037
2024-07-29,111.54846954345705,119.43002007416499,112.07873255805863,97.18283821619775
2024-07-30,103.69139862060548,118.81281923284892,111.912646737515,97.24760001126648
2024-07-31,116.97643280029295,118.74080407863104,112.01291972885714,97.44390680518714
2024-08-01,109.16935729980467,118.36545322455942,111.95661156194521,97.56057795438731
2024-08-02,107.23007202148438,117.92877160875256,111.86301671955985,97.65679182570172
2024-08-03,107.23007202148438,117.50921476219303,111.77127524039004,97.75204834506273
2024-08-04,107.23007202148438,117.10611112530249,111.68135042417408,97.84635703836047
2024-08-05,100.41261291503906,116.45146413666471,111.45820710716151,97.87189192270553
2024-08-06,104.21118927001952,115.97145335758059,111.31470180345573,97.93496950825094
2024-08-07,98.8731918334961,115.30093329781256,111.06833526939712,97.94430505377578
2024-08-08,104.9309310913086,114.89426654461633,110.94680251339537,98.0138237208159
2024-08-09,104.71101379394533,114.49492329949197,110.82332154865378,98.08046242801123
2024-08-10,104.71101379394533,114.11124057378426,110.70228575153084,98.14643806349316
2024-08-11,104.71101379394533,113.74260422947685,110.58364670286578,98.2117572249902
2024-08-12,108.97942352294922,113.55581282922087,110.55187990722386,98.31889818317885
2024-08-13,116.09677124023438,113.65545825710375,110.66167973560032,98.49579244245302
2024-08-14,118.03606414794922,113.8272467234114,110.80770714970623,98.69022300668682
2024-08-15,122.81427001953124,114.17967900953376,111.0454608699008,98.93026327547135
2024-08-16,124.53363800048828,114.58571661702217,111.31255348634807,99.18502322298396
2024-08-17,124.53363800048828,114.97583118107967,111.57435714009341,99.43724824564569
2024-08-18,124.53363800048828,115.35064713478197,111.83097656307153,99.6869635665894
2024-08-19,129.9516143798828,115.92323408557023,112.18980107429552,99.98810437070178
2024-08-20,127.20264434814452,116.36556389978882,112.48708509952024,100.2588958132634
2024-08-21,128.45217895507812,116.83954880391782,112.80322557190753,100.53942599377896
2024-08-22,123.69393920898438,117.10834842764592,113.01888326769124,100.76981916009942
2024-08-23,129.32183837890625,117.58730881789143,113.34171406197272,101.05391885381889
2024-08-24,129.32183837890625,118.04748644773514,113.65815216725854,101.33519168491428
2024-08-25,129.32183837890625,118.48961789601636,113.96832417144958,101.6136657813719
2024-08-26,126.41293334960938,118.80033614909843,114.2147520759676,101.8604246626479
2024-08-27,128.25225830078125,119.1709997628899,114.49272249626094,102.12302997248007
2024-08-28,125.5632553100586,119.42167645101416,114.71194096782129,102.3562660454908
2024-08-29,117.54623413085938,119.34812969336103,114.76806558491116,102.50741000653925
2024-08-30,119.32557678222656,119.3472452654734,114.85831333139265,102.67475494958092
2024-08-31,119.32557678222656,119.34639552103235,114.9467739937854,102.84043476881122
2024-09-01,119.32557678222656,119.34557909990271,115.03348295989315,103.0044660326263
2024-09-02,119.32557678222656,119.34479469528796,115.11847491677104,103.16686514456262
2024-09-03,107.95980072021484,118.8983243433243,114.97671899208676,103.2145560458129
2024-09-04,106.17047119140624,118.39919284717065,114.80233784751883,103.24396813681383
2024-09-05,107.17009735107422,117.95883616104922,114.65120437234171,103.28303409914479
2024-09-06,102.7917251586914,117.36404749429009,114.41636319979418,103.27814545297112
2024-09-07,102.7917251586914,116.79258387328622,114.18617234749512,103.27330545004295
2024-09-08,102.7917251586914,116.24353059036093,113.96053972989505,103.26851360634791
2024-09-09,106.4303741455078,115.8587009258569,113.8114275401052,103.29997490524502
2024-09-10,108.05976104736328,115.55286014630812,113.69753315411032,103.3473359613855
2024-09-11,116.86649322509766,115.60437516900575,113.76028483868433,103.48185493913388
2024-09-12,119.10585021972656,115.74168791609284,113.86613761850694,103.63731757874177
2024-09-13,119.06584930419922,115.87204718621466,113.96910220634243,103.79083530735329
2024-09-14,119.06584930419922,115.9972943280964,114.0700278914485,103.94282549637663
2024-09-15,119.06584930419922,116.11762981735534,114.16895504813664,104.09330334521069
2024-09-16,116.74651336669922,116.1422919173296,114.21999580692005,104.21920593248917
2024-09-17,115.5568618774414,116.11933387654967,114.24646840237592,104.33201842945387
2024-09-18,113.33749389648438,116.01024211262555,114.22846890720976,104.42162515051885
2024-09-19,117.8362045288086,116.08184848188763,114.29990921654834,104.55510355229288
2024-09-20,115.96674346923828,116.07733455982296,114.33291583541349,104.66865220818288
2024-09-21,115.96674346923828,116.07299765430983,114.36526885786546,104.78107102670084
2024-09-22,115.96674346923828,116.06883082352272,114.39698122640749,104.89237125000967
2024-09-23,116.22667694091795,116.07502086734213,114.43321282471463,105.00515041111323
2024-09-24,120.8353500366211,116.26170044260797,114.5599878190098,105.16266483524764
2024-09-25,123.47459411621094,116.54455901804339,114.73651467638012,105.34487308679951
2024-09-26,124.0044403076172,116.8371033823404,114.9200379562066,105.53054042233003
2024-09-27,121.36520385742188,117.01467594999066,115.04766500375541,105.68809926248021
2024-09-28,121.36520385742188,117.18528488753698,115.17276478303593,105.84409035297713
2024-09-29,121.36520385742188,117.34920327851286,115.29538733896436,105.99852929331986
2024-09-30,121.40518951416016,117.50826156226374,115.4163735206514,106.15182939501976
2024-10-01,116.9664535522461,117.48701418932187,115.44706817474238,106.25943759558918
2024-10-02,118.81592559814452,117.53912836221687,115.51377822273055,106.38437777471908
2024-10-03,122.81478118896484,117.74601670836385,115.65835253889361,106.54786437585585
2024-10-04,124.88418579101562,118.02594490768354,115.84104230626237,106.73031533521068
2024-10-05,124.88418579101562,118.2948955305593,116.0201144544753,106.91095086213411
2024-10-06,124.88418579101562,118.55329907018503,116.1956406195553,107.08978902063045
2024-10-07,127.68338775634766,118.91134176376003,116.42312076087792,107.29470045083659
2024-10-08,132.85189819335938,119.4580302511953,116.7484430862736,107.54900092588656
2024-10-09,132.61196899414062,119.97387098621276,117.06257231217195,107.79838369273486
2024-10-10,134.7713623046875,120.55416476340784,117.41324142093464,108.06677153961996
2024-10-11,134.76136779785156,121.11130998044484,117.7567686759231,108.33238941283619
2024-10-12,134.76136779785156,121.64660636544119,118.0934934110108,108.59536432213983
2024-10-13,134.76136779785156,122.16091073533963,118.4235503295621,108.85572256567924
2024-10-14,138.0304412841797,122.78324526666668,118.81180559599018,109.14601827432104
2024-10-15,131.56228637695312,123.1275213886387,119.06429036393004,109.36906571812833
2024-10-16,135.68109130859375,123.61981824824478,119.3933359271907,109.63087691803345
2024-10-17,136.8907470703125,124.14024682950235,119.73981931616342,109.90211940711086
2024-10-18,137.96043395996094,124.68221495226543,120.10062356653565,110.18130661659195
2024-10-19,137.96043395996094,125.20292942315544,120.45428317828664,110.45771584388916
2024-10-20,137.96043395996094,125.70322371871644,120.8009396294089,110.73137473061624
2024-10-21,143.66880798339844,126.40775643497848,121.25376870572552,111.05911038487278
2024-10-22,143.54885864257812,127.07995652155101,121.69525563516815,111.38239146206388
2024-10-23,139.51998901367188,127.56780093300674,122.04822065256427,111.66236755710476
2024-10-24,140.3697509765625,128.06983818961677,122.4110232332375,111.94801316326851
2024-10-25,141.49942016601562,128.59648846320104,122.78901129131232,112.24205701404212
2024-10-26,141.49942016601562,129.10248578488003,123.15951443734605,112.53317505535529
2024-10-27,141.49942016601562,129.58864007433633,123.52268088741872,112.82139639973997
2024-10-28,140.47972106933594,130.0157412898265,123.85846386131807,113.09660361038272
2024-10-29,141.20950317382812,130.45471234410107,124.20204879819946,113.37633395429759
2024-10-30,139.300048828125,130.80158828465102,124.50101909582175,113.63428136597747
2024-10-31,132.72195434570312,130.87689675763346,124.6638098928491,113.8242084603031
2024-11-01,135.36119079589844,131.05275142580072,124.87563921766196,114.03850679200056
2024-11-02,135.36119079589844,131.22170983247122,125.0832739023795,114.2506728019896
2024-11-03,135.36119079589844,131.38404241927228,125.28679700918185,114.46072770740162
2024-11-04,136.01100158691406,131.56549179839547,125.49915749586962,114.67515829326742
2024-11-05,139.86988830566406,131.89115440652364,125.78372642279625,114.92585212423654
2024-11-06,145.5682373046875,132.4275105986085,126.17549891550696,115.2307514792659
2024-11-07,148.83734130859375,133.0710333715491,126.62424826982551,115.56514540791594
2024-11-08,147.58767700195312,133.6403135139179,127.0393656704617,115.88377756308049
2024-11-09,147.58767700195312,134.18726894482126,127.44626292455064,116.19923924903942
2024-11-10,147.58767700195312,134.71277514314016,127.84510280727147,116.51156201275
2024-11-11,145.21835327148438,135.12475859915367,128.18912756893906,116.79720172676726
2024-11-12,148.24746704101562,135.63937461648158,128.58632240997028,117.1101396900931
2024-11-13,146.22805786132812,136.05461709667165,128.93566370603676,117.39987021916012
2024-11-14,146.71791076660156,136.4727854758846,129.28778741020636,117.69159201565208
2024-11-15,141.9392852783203,136.68715801715658,129.53831212046603,117.93286259538012
2024-11-16,141.9392852783203,136.89312379210418,129.78387594537404,118.1717324728223
2024-11-17,141.9392852783203,137.09101247783815,130.02457712028385,118.40822553556357
2024-11-18,140.10980224609375,137.20939639031877,130.22428454851772,118.62416162223552
2024-11-19,146.9678497314453,137.59208083506883,130.5558402947143,118.90618836959084
2024-11-20,145.84817504882812,137.91584923560842,130.85865880469674,119.17426783903598
2024-11-21,146.62796020507812,138.25750064617586,131.1709221987637,119.44743890735481
2024-11-22,141.9093017578125,138.4007085329067,131.3835633781508,119.67094003024494
2024-11-23,141.9093017578125,138.53830042407947,131.5919938411144,119.892217261365
2024-11-24,141.9093017578125,138.6704965548141,131.79629696817773,120.11129272899134
2024-11-25,135.9810028076172,138.56502621178677,131.87916243034485,120.26920029196275
2024-11-26,136.88075256347656,138.4989762647942,131.97820381911973,120.43448936929124
2024-11-27,135.3011932373047,138.37357300881422,132.04400558977684,120.58241677096302
2024-11-28,135.3011932373047,138.25308752757854,132.10850435507442,120.72887225819031
2024-11-29,138.2103729248047,138.2514124451168,132.22933343566314,120.90281753845512
2024-11-30,138.2103729248047,138.2498030521634,132.3477698611907,121.07503201991133
2024-12-01,138.2103729248047,138.24825677265915,132.46386101096525,121.24553292443764
2024-12-02,138.5902557373047,138.2616684967629,132.58517575802148,121.41811723103334
2024-12-03,140.2198028564453,138.33845807949552,132.73635649264372,121.6051986800424
2024-12-04,145.09840393066406,138.60355399522763,132.98114951121838,121.838961916367
2024-12-05,145.02841186523438,138.85550920581613,133.21970916179296,122.06970271187812
2024-12-06,142.4089813232422,138.99486105355834,133.4016749471682,122.27208359358323
2024-12-07,142.4089813232422,139.12874812295772,133.58003744966473,122.47245073517188
2024-12-08,142.4089813232422,139.2573847190473,133.75486802141873,122.67082417385915
2024-12-09,138.77975463867188,139.23865412766003,133.85437072671087,122.83111203918067
2024-12-10,135.04058837890625,139.07402409829714,133.8778601851702,122.95259936594411
2024-12-11,139.27964782714844,139.08208777393838,133.98482627709055,123.11505755958794
2024-12-12,137.31008911132812,139.0125976303066,134.05067306588734,123.25630165463014
2024-12-13,134.22076416015625,138.8246825922615,134.0540412063679,123.36540078403836
2024-12-14,134.22076416015625,138.6441367713946,134.05734265099738,123.47341434996987
2024-12-15,134.22076416015625,138.47067117879703,134.06057872048567,123.58035315405132
2024-12-16,131.9712371826172,138.21579141424095,134.0192056207259,123.66384453742013
2024-12-17,130.36160278320312,137.90778401694536,133.94677784176505,123.7304888980747
2024-12-18,128.88192749023438,137.55382885903512,133.8464837753981,123.78174699351908
2024-12-19,130.65151977539062,137.2831500714412,133.78321716153656,123.8501029415974
2024-12-20,134.670654296875,137.18069925675235,133.8007901741175,123.95777011926185
2024-12-21,134.670654296875,137.0822661210709,133.81801520625132,124.06436598172566
2024-12-22,134.670654296875,136.98769310835732,133.8348991486399,124.16990118884158
2024-12-23,139.6395721435547,137.09168836463957,133.94984316834118,124.32382826301783
2024-12-24,140.18946838378906,137.21316993401797,134.07340010330054,124.48169532889615
2024-12-25,140.18946838378906,137.3298875202835,134.19451036628053,124.63799157819857
2024-12-26,139.89952087402344,137.4306574557243,134.30748087138434,124.78984759109234
2024-12-27,136.98016357421875,137.4129910289986,134.36040528134146,124.91114426754136
2024-12-28,136.98016357421875,137.39601740332094,134.41228168318062,125.03123401188641
2024-12-29,136.98016357421875,137.37970941002283,134.46313082953782,125.15012883340215
2024-12-30,137.46005249023438,137.38286011905072,134.52247581291795,125.27261563595769
2024-12-31,134.26075744628906,137.2604247201189,134.5172932710045,125.36204988282667
2025-01-01,134.26075744628906,137.14279070938048,134.5122133536834,125.45059423669197
2025-01-02,138.27987670898438,137.1873823172081,134.58682054883786,125.57824878865507
2025-01-03,144.43853759765625,137.4717413478139,134.78190405475505,125.76591335391876
2025-01-04,144.43853759765625,137.74494904388615,134.9731245209511,125.95171061007535
2025-01-05,144.43853759765625,138.00744271266146,135.1605584432621,126.13565913731496
2025-01-06,149.39744567871094,138.4541094956438,135.4424770023799,126.36711969991592
2025-01-07,140.10946655273438,138.51902545866696,135.53489263704037,126.50385946959571
2025-01-08,140.07948303222656,138.58021987331637,135.62488452605396,126.63894030106468
2025-01-09,140.07948303222656,138.63901450699913,135.71309439746332,126.77267704465832
2025-01-10,135.8804168701172,138.53083420751358,135.7164077137535,126.86330132152857
2025-01-11,135.8804168701172,138.42689627271372,135.71965541982013,126.95302386430059
2025-01-12,135.8804168701172,138.32703433535698,135.7228388148755,127.04185364545299
2025-01-13,133.20098876953125,138.12601294061872,135.6729011902152,127.10313857206073
2025-01-14,131.73129272460938,137.87523959881443,135.59484953743095,127.14918985716072
2025-01-15,136.21034240722656,137.80994951286982,135.60703751505065,127.23935057905193
2025-01-16,133.54090881347656,137.6425361521093,135.56612407541553,127.30205265103625
2025-01-17,137.6800079345703,137.64400563377444,135.60798316173543,127.40531588768833
2025-01-18,137.6800079345703,137.6454174887076,135.64901335525693,127.50755162944836
2025-01-19,137.6800079345703,137.64677397678065,135.68923106969876,127.60877010014609
2025-01-20,137.6800079345703,137.648077269243,135.72865239375562,127.70898142188166
2025-01-21,140.79933166503906,137.7716558729997,135.8290618842761,127.83923366310711
2025-01-22,147.03799438476562,138.13504169699053,136.05102094369173,128.03026610809874
2025-01-23,147.1879425048828,138.49005741494707,136.27155404391334,128.2208897538379
2025-01-24,142.58892822265625,138.65079744662194,136.3966505623043,128.36385531074157
2025-01-25,142.58892822265625,138.8052339476429,136.51926992191522,128.50539832479046
2025-01-26,142.58892822265625,138.9536141152905,136.63946117539524,128.64553295063988
2025-01-27,118.39420318603516,138.1473627063001,136.27816893798217,128.54352966940002
2025-01-28,128.9619140625,137.7871490339942,136.1332926038142,128.5476926981871
2025-01-29,123.67305755615234,137.23365525054942,135.88655527613773,128.49918886592803
2025-01-30,124.62285614013672,136.7391141089646,135.66351172889017,128.46061839104453
2025-01-31,120.04385375976562,136.08439801683915,135.35421157108573,128.37686948924076
2025-02-01,120.04385375976562,135.45535706558135,135.05103616888138,128.293953909843
2025-02-02,120.04385375976562,134.8509843869219,134.753864239988,128.21186336108602
2025-02-03,116.63459777832033,134.1366162846238,134.3950668843114,128.0966666886207
2025-02-04,118.62416076660156,133.52828469568178,134.08277171366367,128.00241289835185
2025-02-05,124.80281829833984,133.18610954284483,133.89901025989488,127.97057613616268
2025-02-06,128.65196228027344,133.00829984627342,133.79510831970435,127.97735609779562
2025-02-07,129.81170654296875,132.8829432461438,133.71622907660068,127.99560834103117
2025-02-08,129.81170654296875,132.76250259111734,133.63891179870697,128.01367896990618
2025-02-09,129.81170654296875,132.64678509903308,133.5631255560191,128.03156979152868
2025-02-10,133.54090881347656,132.68184877410928,133.56268562052318,128.0863890852794
2025-02-11,132.77108764648438,132.68534833773182,133.54701041311648,128.1330030013113
2025-02-12,131.11143493652344,132.62362624356678,133.4987811957582,128.1626391399701
2025-02-13,135.26052856445312,132.7270341777192,133.533667282267,128.23326490538784
2025-02-14,138.81976318359375,132.96596472696916,133.6383424486299,128.33860319671328
2025-02-15,138.81976318359375,133.19552545075837,133.74094483942127,128.44289334583647
2025-02-16,138.81976318359375,133.4160837932225,133.84151549970193,128.54614578203305
2025-02-17,138.81976318359375,133.62799278892334,133.9400946617592,128.6483708308048
2025-02-18,139.36964416503906,133.8531555879867,134.0476104935073,128.75505016746385
2025-02-19,139.19967651367188,134.06282307526845,134.1496316028175,128.85897679777437
2025-02-20,140.07948303222656,134.29877052456092,134.26705440339984,128.97062362597788
2025-02-21,134.4007110595703,134.3027681926005,134.26970106985866,129.02465434671015
2025-02-22,134.4007110595703,134.30660908934442,134.27229532708066,129.07814744833064
2025-02-23,134.4007110595703,134.3102993626866,134.27483821287254,129.13110828028329
2025-02-24,130.2516326904297,134.15113596377458,134.19517077678455,129.14225777690166
2025-02-25,126.60242462158205,133.85510806800232,134.04481936777063,129.11698580520692
2025-02-26,131.2514190673828,133.75300261699763,133.9895045103372,129.13822394711912
2025-02-27,120.12384033203124,133.21852566464602,133.714936902846,129.04852858776502
2025-02-28,124.89279174804688,132.89202629536763,133.5402409591866,129.00717797244445
2025-03-01,124.89279174804688,132.57833082292368,133.36900434114423,128.96623880603255
2025-03-02,124.89279174804688,132.2769371337128,133.20115854722152,128.9257069945103
2025-03-03,114.03515625,131.56157317748878,132.82163374925673,128.77754231048533
2025-03-04,115.96473693847656,130.94993254066478,132.4878338124096,128.65005170976883
2025-03-05,117.27445220947266,130.41363919434352,132.18657873116334,128.53686166498977
2025-03-06,110.5459213256836,129.6345130034157,131.7580508617479,128.3578473332554
2025-03-07,112.66545867919922,128.9690598926621,131.3799797294202,128.20170416256826
2025-03-08,112.66545867919922,128.32970298233022,131.0093951541683,128.04711465527106
2025-03-09,112.66545867919922,127.71541889201136,130.6461488873372,127.89406335202656
2025-03-10,106.95669555664062,126.90135131023212,130.17705080158083,127.68573133416203
2025-03-11,108.73631286621094,126.18899686144697,129.7524817335537,127.49717990662023
2025-03-12,115.7254409790039,125.77866133664527,129.4747185502953,127.38004817599719
2025-03-13,115.56546020507812,125.37814364521127,129.19928769197418,127.26249008673432
2025-03-14,121.65469360351562,125.23212599651733,129.04988978923242,127.20669111675204
2025-03-15,121.65469360351562,125.0918345301251,128.9034502608024,127.15144736040143
2025-03-16,121.65469360351562,124.95704468986591,128.75991052501453,127.09675329316875
2025-03-17,119.51496124267578,124.7436296527212,128.57684222239396,127.02131257624842
2025-03-18,115.41547393798828,124.37781962469245,128.31622106824733,126.90583159477319
2025-03-19,117.50521087646484,124.10830555613451,128.10214165850905,126.81229308016316
2025-03-20,118.51508331298828,123.88896350738368,127.9122989189938,126.72973377899724
2025-03-21,117.68518829345705,123.64567820487675,127.70978187690396,126.63973830152918
2025-03-22,117.68518829345705,123.41193350246813,127.51127507327135,126.55063830144886
2025-03-23,117.68518829345705,123.1873552589775,127.31669909743344,126.46242486853352
2025-03-24,121.3947296142578,123.11705621408653,127.19943237499432,126.41200004013277
2025-03-25,120.67481994628906,123.02128224280035,127.07023212888134,126.3549136710398
2025-03-26,113.74568939208984,122.6575335035568,126.80637979745973,126.2294487528413
2025-03-27,111.41598510742188,122.21668846841426,126.50161950656789,126.08205110462816
2025-03-28,109.6562042236328,121.724120458815,126.16804692670779,125.91860984213069
2025-03-29,109.6562042236328,121.25086884174902,125.84107974446869,125.75679486085211
2025-03-30,109.6562042236328,120.79617611162682,125.52058715989767,125.59658997888972
2025-03-31,108.36636352539062,120.30873248079403,125.18089956317476,125.42514493955143
2025-04-01,110.13613891601562,119.90980724295959,124.88298351075576,125.27301552638193
2025-04-02,110.4061050415039,119.53711303898093,124.5963126499785,125.12508606882095
2025-04-03,101.78719329833984,118.84103775503422,124.14464692024308,124.8928682303087
2025-04-04,94.29813385009766,117.87857093523279,123.55362685944812,124.58844301259515
2025-04-05,94.29813385009766,116.9538479122863,122.97431016619365,124.28704690152553
2025-04-06,94.29813385009766,116.06538853729852,122.40646509062739,123.9886497567352
2025-04-07,97.6277084350586,115.34234225877931,121.91579664200226,123.72635183313643
2025-04-08,96.2878875732422,114.59510874169942,121.40831329410602,123.45333228826186
2025-04-09,114.31561279296876,114.584148116259,121.26786377923202,123.36240970621914
2025-04-10,107.55646514892578,114.30855270577534,120.99635093506754,123.20513662604706
2025-04-11,110.9160385131836,114.17551293351684,120.79674078809954,123.08285704283449
2025-04-12,110.9160385131836,114.04769040722927,120.60108331730913,122.96179417189269
2025-04-13,110.9160385131836,113.9248805290314,120.40930025188091,122.8419359066319
2025-04-14,110.6960678100586,113.79826042240501,120.21695901540917,122.72108149771077
2025-04-15,112.18588256835938,113.73502991832478,120.05792779863592,122.61625364766748
2025-04-16,104.4768524169922,113.3719641339588,119.74939165246475,122.43576209313339
2025-04-17,101.47722625732422,112.90550382507116,119.38756659513524,122.22721944800097
2025-04-18,101.47722625732422,112.45733607731638,119.0329063904261,122.02075185406389
2025-04-19,101.47722625732422,112.0267435353559,118.68526916006765,121.81633866404658
2025-04-20,101.47722625732422,111.61303697543309,118.34451583526085,121.613959436119
2025-04-21,96.89781188964844,111.03596932501016,117.91982862841704,121.36802761973621
2025-04-22,98.87755584716795,110.55916879646733,117.54275391987746,121.14424183095444
2025-04-23,102.69707489013672,110.25085138837593,117.24878007770437,120.96068793104581
2025-04-24,106.4166030883789,110.10048870994468,117.0342815234603,120.81597066892972
2025-04-25,110.99604034423828,110.13560838187777,116.91471239119848,120.71825991943031
2025-04-26,110.99604034423828,110.16935081177427,116.797510964526,120.62152141619457
2025-04-27,110.99604034423828,110.2017700091258,116.68263035818367,120.52574548513033
2025-04-28,108.71631622314452,110.14351691947947,116.52488156343043,120.4082387263046
2025-04-29,109.00627899169922,110.09891935368417,116.37599834418822,120.29478639063689
2025-04-30,108.9062957763672,110.05214980163252,116.22808344185513,120.18146807606703
2025-05-01,111.59595489501952,110.11269117784377,116.136358124096,120.09604008421582
2025-05-02,114.485595703125,110.28417762981559,116.1036697593243,120.04021476699103
2025-05-03,114.485595703125,110.44893912288654,116.07162868890451,119.98494492555953
2025-05-04,114.485595703125,110.60723938093511,116.0402220951267,119.93022503279899
2025-05-05,113.80567932128906,110.7326683982039,115.99597372336753,119.86928427945062
2025-05-06,113.52571868896484,110.8421997821553,115.94705778209223,119.8061642238239
2025-05-07,117.04527282714844,111.08545754862563,115.9688046146676,119.77869266763807
2025-05-08,117.35523986816406,111.33133136507811,115.99625877810318,119.75457870943434
2025-05-09,116.63532257080078,111.5393310202045,116.00891350667145,119.72354133492057
2025-05-10,116.63532257080078,111.73917382611023,116.0213176465552,119.69281279000396
2025-05-11,116.63532257080078,111.93117965923535,116.0334761599066,119.66239000175318
2025-05-12,122.98452758789062,112.36464428388851,116.17112074263896,119.69544609713763
2025-05-13,129.9136505126953,113.05284060658681,116.44325004501631,119.79711977291433
2025-05-14,135.32296752929688,113.92617891728132,116.81710583678425,119.95160582024151
2025-05-15,134.8130340576172,114.74527127572587,117.17346085105817,120.09948072807609
2025-05-16,135.38296508789062,115.55459260169312,117.53404509337167,120.25155519931802
2025-05-17,135.38296508789062,116.33217583644596,117.88748905365918,120.40211649174162
2025-05-18,135.38296508789062,117.07926561101242,118.23393412364396,120.55117966185256
2025-05-19,135.55294799804688,117.8037237438373,118.57688489343411,120.70045098858085
2025-05-20,134.3630828857422,118.45311037685318,118.88948287347982,120.83639757462227
2025-05-21,131.78341674804688,118.975867489449,119.14480829673857,120.94532313853693
2025-05-22,132.81329345703125,119.51851164504046,119.41547136921962,121.06341239543738
2025-05-23,131.2734832763672,119.97949092470033,119.65028348619283,121.16500514052126
2025-05-24,131.2734832763672,120.42239258555001,119.8804458582755,121.26558701251973
2025-05-25,131.2734832763672,120.84792555381735,120.10605055962384,121.36516806987144
2025-05-26,131.2734832763672,121.25677095470165,120.32718784114351,121.46375827093111
2025-05-27,135.48294067382812,121.81465996329484,120.62730175862242,121.60325262319874
2025-05-28,134.7930450439453,122.32361624096741,120.90781152664862,121.73449433882806
2025-05-29,139.17250061035156,122.98435680447267,121.26948853820709,121.90800683904222
2025-05-30,135.11300659179688,123.45999012946578,121.5436176085752,122.03939987140794
2025-05-31,135.11300659179688,123.91697116720425,121.81231838052018,122.16948551041678
2025-06-01,135.11300659179688,124.35603137993337,122.07569834509992,122.29827676495788
2025-06-02,137.3627166748047,124.86609746992832,122.3784115793515,122.44817168943396
2025-06-03,141.2022247314453,125.50672991155643,122.75116035464049,122.6347791823893
2025-06-04,141.9021453857422,126.14968738113235,123.13038778099894,122.82649426898982
2025-06-05,139.97239685058594,126.69175441915014,123.46389291108977,122.9971002648266
2025-06-06,141.70216369628906,127.28039792021441,123.82504678802441,123.18322029897051
2025-06-07,141.70216369628906,127.84595736241342,124.17904910303955,123.36748839247616
2025-06-08,141.70216369628906,128.38933800295757,124.5260414712227,123.5499229726136
2025-06-09,142.612060546875,128.94709182820924,124.88418046281977,123.73959598330276
2025-06-10,143.94189453125,129.53512330675986,125.26156093942235,123.94061387930223
2025-06-11,142.8219451904297,130.05617514533515,125.60929132063042,124.12848782269654
2025-06-12,144.9918212890625,130.64188675881465,125.99310379525284,124.33608318057082
2025-06-13,141.9619903564453,131.08581239009428,126.309319370722,124.5114653415248
2025-06-14,141.9619903564453,131.51232917308843,126.6192732516274,124.68510240634987
2025-06-15,141.9619903564453,131.92211980772987,126.92308943192083,124.85701173918665
2025-06-16,144.6818389892578,132.42250095210352,127.2747478389968,125.05427370187392
2025-06-17,144.1118621826172,132.88090727486875,127.60815604382097,125.24390144795098
2025-06-18,145.47178649902344,133.37466724444343,127.96189130035964,125.44517393602135
2025-06-19,145.47178649902344,133.84906407795637,128.30862189835298,125.64444371276764
2025-06-20,143.84188842773438,134.24093954265354,128.61621133457837,125.8255128144091
2025-06-21,143.84188842773438,134.61744734206846,128.91770989087848,126.00478023344716
2025-06-22,143.84188842773438,134.97919012974162,129.21323817873702,126.1822638970719
2025-06-23,144.161865234375,135.3392950358057,129.50925059568033,126.36116540291572
2025-06-24,147.8916473388672,135.83154414572968,129.87325845198106,126.57539905401971
2025-06-25,154.30130004882812,136.55584829879237,130.35698204795824,126.85127866590835
2025-06-26,155.01126098632812,137.27958997281337,130.8451855912923,127.13147749496726
2025-06-27,157.74110412597656,138.08200229254527,131.37777803752368,127.43605089428078
2025-06-28,157.74110412597656,138.85294746248374,131.89982409868117,127.73759371250661
2025-06-29,157.74110412597656,139.59365948850308,132.41153261407317,128.03613610468045
2025-06-30,157.98109436035156,140.31473536583047,132.91786056944503,128.33409588831898
2025-07-01,153.29136657714844,140.82362286431353,133.3212963319738,128.58242693994913
2025-07-02,157.2411346435547,141.46744685565633,133.79495649655956,128.86758821063177
2025-07-03,159.3310089111328,142.16797870096914,134.30062090080855,129.1707068245671
2025-07-04,159.3310089111328,142.84103870921086,134.79627214853775,129.47080933289115
2025-07-05,159.3310089111328,143.48770420732544,135.2821085200743,129.767925746605
2025-07-06,159.3310089111328,144.1090102741414,135.7583243694022,130.06208577809284
2025-07-07,158.2310791015625,144.6628168948246,136.2033294136034,130.34237426887364
2025-07-08,159.99098205566406,145.26392141093595,136.67437204017887,130.63738529162777
2025-07-09,162.87081909179688,145.95438798665597,137.19311356595347,130.95811597620656
2025-07-10,164.09075927734375,146.66561823334962,137.72574021370377,131.28779401900394
2025-07-11,164.91070556640625,147.3811118542538,138.26405635930183,131.62235035280895
2025-07-12,164.91070556640625,148.06854690178918,138.7917127792445,131.95357776786963
2025-07-13,164.91070556640625,148.7290237121663,139.3089205572081,132.28150938775556
2025-07-14,164.06076049804688,149.33026829200477,139.79905600158114,132.5977208415893
2025-07-15,170.69036865234375,150.16791928652788,140.4107651629824,132.97675216308934
2025-07-16,171.36033630371094,150.99899446367232,141.0236279578483,133.35867837344378
2025-07-17,172.99024963378906,151.86139662720632,141.65663036727287,133.75302236608402
2025-07-18,172.40028381347656,152.66684318353063,142.26541558402937,134.1375722312322
2025-07-19,172.40028381347656,153.44070360039126,142.86214564797882,134.518295729563
2025-07-20,172.40028381347656,154.184216549924,143.44705927501838,134.89523093437805
2025-07-21,171.37034606933594,154.85818241343034,143.99999564718308,135.2581674033826
2025-07-22,167.0205841064453,155.3351393425682,144.45584888400015,135.57421135067676
2025-07-23,170.77037048339844,155.94044252456155,144.9769285196318,135.92442188931082
2025-07-24,173.73020935058594,156.6380804393076,145.54630041727447,136.30059887897525
2025-07-25,173.49021911621094,157.29894862271559,146.09964534200589,136.67064485148506
2025-07-26,173.49021911621094,157.93390040677423,146.6420329414951,137.03700877451718
2025-07-27,173.49021911621094,158.5439521208698,147.17368019247957,137.3997272853798
2025-07-28,176.7400360107422,159.2575240381197,147.7591525849204,137.79117314334363
2025-07-29,175.50009155273438,159.89448747006537,148.30847810903552,138.16638626184502
2025-07-30,179.25990295410156,160.65391552826287,148.92137761091803,138.5752769752008
2025-07-31,177.85997009277344,161.3286627660868,149.4944190462023,138.96616944403237
2025-08-01,173.710205078125,161.81421344499026,149.9739395616859,139.31188124138652
2025-08-02,173.710205078125,162.28072292079946,150.44396462141736,139.65415312035904
2025-08-03,173.710205078125,162.72893790736126,150.90468225422345,139.99301930899352
2025-08-04,179.98985290527344,163.40583653473035,151.48062622751155,140.3909977527376
2025-08-05,178.24993896484375,163.98795819865637,152.0107116282508,140.76770363544512
2025-08-06,179.40988159179688,164.5927395081913,152.5532694493111,141.1522029185929
2025-08-07,180.7598114013672,165.22674232753153,153.11181483450034,141.54630847563544
2025-08-08,182.689697265625,165.9115640898097,153.69751547670083,141.95569542876967
2025-08-09,182.689697265625,166.56953009670443,154.2716180863825,142.36100887988266
2025-08-10,182.689697265625,167.20169351509347,154.83435232755562,142.76228936133285
2025-08-11,182.0497283935547,167.78396939268018,155.3732706654962,143.15320915269825
2025-08-12,183.1496734619141,168.3865460228462,155.9232984436431,143.5511839219442
2025-08-13,181.5797576904297,168.90392687255536,156.43134714159928,143.92957769078484
2025-08-14,182.00973510742188,169.41788013666778,156.93784987359575,144.30848472975634
2025-08-15,180.4398193359375,169.85011304644306,157.4032354075035,144.66800049698202
2025-08-16,180.4398193359375,170.26539564603107,157.85940538628438,145.02393899289203
2025-08-17,180.4398193359375,170.6643926534784,158.3065422961785,145.37633581222582
2025-08-18,181.99972534179688,171.1089155040007,158.77571423767588,145.74074764834094
2025-08-19,175.63009643554688,171.2862167170025,159.10946438020798,146.03815410393503
2025-08-20,175.39010620117188,171.44715355951894,159.43185332715777,146.33021332878315
2025-08-21,174.97012329101562,171.5853092352639,159.73954184129357,146.61518755726308
2025-08-22,177.97996520996094,171.83608005780104,160.10073834364343,146.9272748970909
2025-08-23,177.97996520996094,172.07701673043476,160.45478244000614,147.2362568902538
2025-08-24,177.97996520996094,172.30850490610246,160.80181576218345,147.54216443572352
2025-08-25,179.79986572265625,172.60228376165358,161.17801477130172,147.86313658783232
2025-08-26,181.7597503662109,172.9614000990872,161.585573891993,148.20041632692065
2025-08-27,181.5897674560547,173.29976744641925,161.9816965368259,148.53264867646428
2025-08-28,180.1598358154297,173.56878973540006,162.34165969085765,148.84734705595648
2025-08-29,174.170166015625,173.5923731189383,162.57588753887285,149.09931540381388
2025-08-30,174.170166015625,173.6150316639064,162.80547721167983,149.3487766039314
2025-08-31,174.170166015625,173.6368016384836,163.0305205543322,149.59575560305274
2025-09-01,174.170166015625,173.6577178885676,163.2511075931697,149.84027709969524
2025-09-02,170.77037048339844,173.54448857856096,163.4000038880257,150.048536735354
2025-09-03,170.61038208007812,173.42942557862045,163.54278365420495,150.2531322114209
2025-09-04,171.65032958984375,173.35965710847233,163.703329118277,150.46603964802213
2025-09-05,167.01058959960938,173.11067406890908,163.76881942483803,150.63066203560012
2025-09-06,167.01058959960938,172.871455070113,163.8330128936454,150.79364638947087
2025-09-07,167.01058959960938,172.64161720852462,163.89593520465456,150.95500900847722
2025-09-08,168.30050659179688,172.47137757649608,163.9831544400435,151.12760102423164
2025-09-09,170.7503662109375,172.40388693470948,164.11715863352654,151.32285241912425
2025-09-10,177.32000732421875,172.59667596959218,164.37860118185708,151.5815305773839
2025-09-11,177.1699981689453,172.77602193819428,164.63189617170042,151.83614219521036
