Date,Close,SMA_50,SMA_100,SMA_200
2022-09-12,14.487593650817873,,,
2022-09-13,13.115242004394531,,,
2022-09-14,13.112247467041016,,,
2022-09-15,12.91348361968994,,,
2022-09-16,13.182162284851074,,,
2022-09-17,13.182162284851074,,,
2022-09-18,13.182162284851074,,,
2022-09-19,13.36594295501709,,,
2022-09-20,13.16018772125244,,,
2022-09-21,13.245086669921877,,,
2022-09-22,12.545926094055176,,,
2022-09-23,12.500980377197266,,,
2022-09-24,12.500980377197266,,,
2022-09-25,12.500980377197266,,,
2022-09-26,12.21332550048828,,,
2022-09-27,12.398106575012209,,,
2022-09-28,12.72071647644043,,,
2022-09-29,12.20533561706543,,,
2022-09-30,12.124432563781738,,,
2022-10-01,12.124432563781738,,,
2022-10-02,12.124432563781738,,,
2022-10-03,12.496986389160156,,,
2022-10-04,13.151199340820312,,,
2022-10-05,13.19314956665039,,,
2022-10-06,13.11424446105957,,,
2022-10-07,12.06151008605957,,,
2022-10-08,12.06151008605957,,,
2022-10-09,12.06151008605957,,,
2022-10-10,11.655996322631836,,,
2022-10-11,11.572097778320312,,,
2022-10-12,11.486199378967283,,,
2022-10-13,11.945648193359377,,,
2022-10-14,11.213528633117676,,,
2022-10-15,11.213528633117676,,,
2022-10-16,11.213528633117676,,,
2022-10-17,11.873733520507812,,,
2022-10-18,11.95263957977295,,,
2022-10-19,12.036538124084473,,,
2022-10-20,12.179368019104004,,,
2022-10-21,12.45103931427002,,,
2022-10-22,12.45103931427002,,,
2022-10-23,12.45103931427002,,,
2022-10-24,12.583882331848145,,,
2022-10-25,13.245086669921877,,,
2022-10-26,12.88052463531494,,,
2022-10-27,13.16018772125244,,,
2022-10-28,13.817400932312012,,,
2022-10-29,13.817400932312012,,,
2022-10-30,13.817400932312012,,,
2022-10-31,13.480804443359377,12.590892868041992,,
2022-11-01,13.526750564575195,12.571676006317139,,
2022-11-02,13.203136444091797,12.573433895111084,,
2022-11-03,13.404892921447754,12.579286804199219,,
2022-11-04,14.139013290405272,12.603797397613526,,
2022-11-05,14.139013290405272,12.62293441772461,,
2022-11-06,14.139013290405272,12.642071437835693,,
2022-11-07,14.28383731842041,12.66410493850708,,
2022-11-08,14.584479331970217,12.688475666046143,,
2022-11-09,13.75946807861328,12.70046127319336,,
2022-11-10,15.731101036071776,12.750181560516358,,
2022-11-11,16.307405471801758,12.82541114807129,,
2022-11-12,16.307405471801758,12.901539649963379,,
2022-11-13,16.307405471801758,12.977668151855468,,
2022-11-14,16.275449752807617,13.053157539367676,,
2022-11-15,16.64600372314453,13.141811103820801,,
2022-11-16,15.890908241271973,13.211667137145996,,
2022-11-17,15.65818691253662,13.27041654586792,,
2022-11-18,15.390510559082031,13.334120044708252,,
2022-11-19,15.390510559082031,13.399441604614259,,
2022-11-20,15.390510559082031,13.464763164520264,,
2022-11-21,15.29862117767334,13.528246936798096,,
2022-11-22,16.018754959106445,13.598682308197022,,
2022-11-23,16.499177932739258,13.6656418800354,,
2022-11-24,16.499177932739258,13.731762447357177,,
2022-11-25,16.250478744506836,13.794487133026124,,
2022-11-26,16.250478744506836,13.878266506195068,,
2022-11-27,16.250478744506836,13.962045879364014,,
2022-11-28,15.808008193969728,14.036975841522217,,
2022-11-29,15.620233535766602,14.116260585784913,,
2022-11-30,16.907014846801758,14.222958927154542,,
2022-12-01,17.118816375732422,14.335611267089844,,
2022-12-02,16.860057830810547,14.433899459838868,,
2022-12-03,16.860057830810547,14.546830043792724,,
2022-12-04,16.860057830810547,14.659760627746582,,
2022-12-05,16.59431266784668,14.767376308441163,,
2022-12-06,15.971901893615724,14.84933967590332,,
2022-12-07,16.10477638244629,14.932382411956787,,
2022-12-08,17.15278434753418,15.03470733642578,,
2022-12-09,16.984941482543945,15.130818805694581,,
2022-12-10,16.984941482543945,15.221496849060058,,
2022-12-11,16.984941482543945,15.312174892425537,,
2022-12-12,17.51844024658203,15.413522911071777,,
2022-12-13,18.054933547973636,15.522943935394288,,
2022-12-14,17.65730857849121,15.611188373565675,,
2022-12-15,16.93598747253418,15.692297630310058,,
2022-12-16,16.555349349975586,15.760200862884522,,
2022-12-17,16.555349349975586,15.814959831237793,,
2022-12-18,16.555349349975586,15.869718799591064,,
2022-12-19,16.238645553588867,15.918143692016601,,
2022-12-20,16.069808959960938,15.969923782348634,14.280408325195312,
2022-12-21,16.485416412353516,16.0290970993042,14.30038655281067,
2022-12-22,15.32451343536377,16.07152463912964,14.322479267120361,
2022-12-23,15.191638946533203,16.10725955963135,14.343273181915283,
2022-12-24,15.191638946533203,16.128312072753907,14.366054735183717,
2022-12-25,15.191638946533203,16.149364585876466,14.386149501800537,
2022-12-26,15.191638946533203,16.170417098999025,14.406244268417359,
2022-12-27,14.107664108276367,16.166893634796143,14.415499286651611,
2022-12-28,14.022744178771973,16.155658931732177,14.42206729888916,
2022-12-29,14.58920669555664,16.172253704071046,14.436357488632202,
2022-12-30,14.600196838378906,16.149635620117188,14.449908590316772,
2022-12-31,14.600196838378906,16.11549144744873,14.47045129776001,
2023-01-01,14.600196838378906,16.081347274780274,14.491443462371826,
2023-01-02,14.600196838378906,16.047203102111816,14.512435626983642,
2023-01-03,14.30147933959961,16.007723693847655,14.530440616607667,
2023-01-04,14.73507022857666,15.969505023956298,14.55565806388855,
2023-01-05,14.2515287399292,15.936717433929443,14.57419228553772,
2023-01-06,14.844965934753418,15.920453014373779,14.595434780120849,
2023-01-07,14.844965934753418,15.909542121887206,14.62183108329773,
2023-01-08,14.844965934753418,15.898631229400635,14.649036417007446,
2023-01-09,15.613241195678713,15.903085842132569,14.683924503326416,
2023-01-10,15.893975257873535,15.914992923736571,14.721619930267334,
2023-01-11,15.98588752746582,15.91433557510376,14.75650894165039,
2023-01-12,16.495405197143555,15.914260120391846,14.789951000213623,
2023-01-13,16.883039474487305,15.921937351226807,14.826849899291993,
2023-01-14,16.883039474487305,15.934588565826417,14.86453784942627,
2023-01-15,16.883039474487305,15.947239780426026,14.912753143310546,
2023-01-16,16.883039474487305,15.959890995025635,14.960968437194824,
2023-01-17,17.685285568237305,15.997436542510986,15.017206192016602,
2023-01-18,17.3605899810791,16.032243671417238,15.074252128601074,
2023-01-19,16.749164581298828,16.029086666107176,15.12602279663086,
2023-01-20,17.82215118408203,16.043153362274168,15.189382314682007,
2023-01-21,17.82215118408203,16.0623952293396,15.248147344589233,
2023-01-22,17.82215118408203,16.08163709640503,15.314233570098876,
2023-01-23,19.17487525939941,16.127933444976808,15.393847036361695,
2023-01-24,19.246801376342773,16.18098321914673,15.474179763793945,
2023-01-25,19.30475234985352,16.247640228271486,15.548489952087403,
2023-01-26,19.78329467773437,16.321210594177245,15.626796503067016,
2023-01-27,20.345762252807617,16.385070152282715,15.709888744354249,
2023-01-28,20.345762252807617,16.452286567687988,15.791552686691285,
2023-01-29,20.345762252807617,16.51950298309326,15.87049991607666,
2023-01-30,19.143903732299805,16.562682228088377,15.937428560256958,
2023-01-31,19.5185489654541,16.60268440246582,16.0081036567688,
2023-02-01,20.923219680786133,16.66005012512207,16.09149703025818,
2023-02-02,21.68849372863769,16.740673828125,16.175931100845336,
2023-02-03,21.08007049560547,16.823555488586425,16.257926559448244,
2023-02-04,21.08007049560547,16.914049911499024,16.337125387191772,
2023-02-05,21.08007049560547,17.00454433441162,16.409752082824706,
2023-02-06,21.0690860748291,17.09481906890869,16.482268934249877,
2023-02-07,22.15205764770508,17.213087310791014,16.56561550140381,
2023-02-08,22.18402671813965,17.33537166595459,16.65264772415161,
2023-02-09,22.315902709960938,17.451981391906738,16.74053924560547,
2023-02-10,21.24491500854492,17.57038942337036,16.82095703125,
2023-02-11,21.24491500854492,17.691454944610594,16.89935725212097,
2023-02-12,21.24491500854492,17.81252046585083,16.97041626930237,
2023-02-13,21.76741981506348,17.944036083221434,17.04670033454895,
2023-02-14,22.949302673339844,18.099189357757567,17.134803228378296,
2023-02-15,22.742504119873047,18.271886157989503,17.219389896392823,
2023-02-16,21.98121833801269,18.431055641174318,17.293357286453247,
2023-02-17,21.36780166625977,18.566627540588378,17.369440622329712,
2023-02-18,21.36780166625977,18.701979637145996,17.425807628631592,
2023-02-19,21.36780166625977,18.837331733703614,17.476411590576173,
2023-02-20,21.36780166625977,18.972683830261232,17.52701555252075,
2023-02-21,20.63549041748047,19.09338970184326,17.57029640197754,
2023-02-22,20.734397888183597,19.222048072814943,17.614885883331297,
2023-02-23,23.641645431518555,19.40017957687378,17.68484230041504,
2023-02-24,23.26400756835937,19.58042915344238,17.758573293685913,
2023-02-25,23.26400756835937,19.7488099861145,17.83463150024414,
2023-02-26,23.26400756835937,19.917190818786622,17.913366470336914,
2023-02-27,23.478803634643555,20.089867572784424,17.994249401092528,
2023-02-28,23.19407081604004,20.24148416519165,18.07228500366211,
2023-03-01,22.67656517028809,20.37713596343994,18.14606444358826,
2023-03-02,23.29197883605957,20.523257789611815,18.218796682357787,
2023-03-03,23.867435455322266,20.67069839477539,18.29247925758362,
2023-03-04,23.867435455322266,20.81038631439209,18.36616183280945,
2023-03-05,23.867435455322266,20.950074234008788,18.442331399917602,
2023-03-06,23.531753540039062,21.083048515319824,18.515144147872924,
2023-03-07,23.26995849609375,21.21078689575195,18.585338945388795,
2023-03-08,24.16226577758789,21.340326499938964,18.668881521224975,
2023-03-09,23.417844772338867,21.46147159576416,18.746857633590697,
2023-03-10,22.947208404541016,21.585432472229005,18.807259569168092,
2023-03-11,22.947208404541016,21.687933616638183,18.865543489456176,
2023-03-12,22.947208404541016,21.790434761047365,18.926414995193483,
2023-03-13,22.948204040527344,21.89295581817627,18.98729645729065,
2023-03-14,24.04435539245605,21.990345420837404,19.059139432907106,
2023-03-15,24.209228515625,22.089593963623045,19.13528859138489,
2023-03-16,25.521211624145508,22.213923149108886,19.230781688690186,
2023-03-17,25.70506858825684,22.332358627319337,19.32678461074829,
2023-03-18,25.70506858825684,22.43954475402832,19.412307453155517,
2023-03-19,25.70506858825684,22.546730880737304,19.499508724212646,
2023-03-20,25.87993431091309,22.657414321899413,19.58845865249634,
2023-03-21,26.17870330810547,22.798110313415528,19.680396270751952,
2023-03-22,26.447492599487305,22.936689186096192,19.769686794281007,
2023-03-23,27.16993522644043,23.06162349700928,19.860836811065674,
2023-03-24,26.75825500488281,23.16301872253418,19.95184627532959,
2023-03-25,26.75825500488281,23.276582412719726,20.050068950653078,
2023-03-26,26.75825500488281,23.390146102905273,20.15209800720215,
2023-03-27,26.510448455810547,23.498753662109376,20.2516489982605,
2023-03-28,26.38953971862793,23.605162734985353,20.34999090194702,
2023-03-29,26.96309280395508,23.70138343811035,20.457235374450683,
2023-03-30,27.361785888671875,23.804938621520996,20.570155143737793,17.42528173446655
2023-03-31,27.75547981262207,23.91373016357422,20.68285577774048,17.491621165275575
2023-04-01,27.75547981262207,24.043941459655763,20.80716544151306,17.56482235431671
2023-04-02,27.75547981262207,24.174152755737303,20.93280385017395,17.638038516044617
2023-04-03,27.943336486816406,24.308121185302735,21.06032082557678,17.71318778038025
2023-04-04,27.43172836303711,24.421407356262208,21.18272171974182,17.78443561077118
2023-04-05,26.86017417907715,24.499624786376952,21.29940707206726,17.85282567024231
2023-04-06,27.01605224609375,24.585095748901367,21.428490953445433,17.92199512004852
2023-04-07,27.01605224609375,24.68579242706299,21.55842403411865,17.990245666503906
2023-04-08,27.01605224609375,24.798757438659667,21.682692489624024,18.059524989128114
2023-04-09,27.01605224609375,24.91172245025635,21.806851043701172,18.128379817008973
2023-04-10,27.557636260986328,25.03551914215088,21.936425437927245,18.203438367843628
2023-04-11,27.14794921875,25.151122093200684,22.061902961730958,18.276673212051392
2023-04-12,26.47447395324707,25.267901763916015,22.18064573287964,18.34654067993164
2023-04-13,26.442495346069336,25.38206371307373,22.302055892944335,18.416248254776
2023-04-14,26.737266540527344,25.443976135253905,22.422077856063844,18.488867959976197
2023-04-15,26.737266540527344,25.513441314697264,22.546935234069824,18.56056375980377
2023-04-16,26.737266540527344,25.582906494140627,22.665858240127562,18.63064651012421
2023-04-17,26.9810791015625,25.657247924804686,22.787219371795654,18.704525227546693
2023-04-18,27.645566940307617,25.74058319091797,22.915225381851197,18.782130899429323
2023-04-19,27.909358978271484,25.834888954162597,23.038186559677126,18.86105553150177
2023-04-20,27.0830020904541,25.923017692565917,23.15007682800293,18.93584837913513
2023-04-21,27.09798812866211,25.99913787841797,23.261197834014894,19.00885338783264
2023-04-22,27.09798812866211,26.063748931884767,23.36722366333008,19.07858733177185
2023-04-23,27.09798812866211,26.128359985351562,23.469373149871828,19.14811152458191
2023-04-24,27.02104759216309,26.191432228088377,23.570753231048585,19.217645540237427
2023-04-25,26.220666885375977,26.245210494995117,23.664129505157472,19.288441324234007
2023-04-26,26.93511390686035,26.318513603210448,23.7646502494812,19.362809343338014
2023-04-27,27.204910278320312,26.3793664932251,23.85984649658203,19.438526344299316
2023-04-28,27.727500915527344,26.465559616088868,23.963515605926514,19.518883867263796
2023-04-29,27.727500915527344,26.561165466308594,24.073298969268798,19.59966088294983
2023-04-30,27.727500915527344,26.65677131652832,24.172352466583252,19.680867390632628
2023-05-01,28.88759994506836,26.775579147338867,24.283006954193116,19.765577149391174
2023-05-02,28.188146591186523,26.88037799835205,24.38666690826416,19.85045023918152
2023-05-03,27.78046226501465,26.95510013580322,24.472722778320314,19.933284907341005
2023-05-04,27.540645599365234,27.021728477478028,24.555661220550537,20.01492049217224
2023-05-05,28.657777786254883,27.084459800720214,24.649191474914552,20.098840713500977
2023-05-06,28.657777786254883,27.143513984680176,24.737936305999757,20.182366404533386
2023-05-07,28.657777786254883,27.202568168640138,24.82105646133423,20.265472602844238
2023-05-08,29.1284122467041,27.271035041809082,24.908882961273193,20.350217823982238
2023-05-09,28.548864364624023,27.3244136428833,24.99091398239136,20.430706949234008
2023-05-10,28.862621307373047,27.37809200286865,25.08810115814209,20.512764859199525
2023-05-11,28.555856704711918,27.420259284973145,25.17847423553467,20.593288946151734
2023-05-12,28.318044662475582,27.443221473693846,25.252422485351563,20.67195975780487
2023-05-13,28.318044662475582,27.474417266845702,25.31871799468994,20.74732454776764
2023-05-14,28.318044662475582,27.505613059997557,25.391097736358642,20.82451214790344
2023-05-15,28.930564880371094,27.549059257507324,25.4696026802063,20.903364033699035
2023-05-16,29.19036674499512,27.602657623291016,25.550705642700194,20.980228862762452
2023-05-17,30.154617309570312,27.677959175109862,25.64156095504761,21.06191494464874
2023-05-18,31.653453826904297,27.771766395568847,25.7365749168396,21.151095209121703
2023-05-19,31.239776611328125,27.84932621002197,25.827132415771484,21.239890069961547
2023-05-20,31.239776611328125,27.919012145996092,25.916371154785157,21.32845520019531
2023-05-21,31.239776611328125,27.988698081970213,26.016319770812988,21.418638401031494
2023-05-22,31.1518497467041,28.056625480651856,26.11538911819458,21.507373185157775
2023-05-23,30.66422271728516,28.11104320526123,26.209582195281982,21.589999232292175
2023-05-24,30.514339447021484,28.17269542694092,26.297051391601563,21.671875863075257
2023-05-25,37.9505729675293,28.39450340270996,26.447064094543457,21.790933661460876
2023-05-26,38.91582489013672,28.63249885559082,26.608797302246092,21.914093599319457
2023-05-27,38.91582489013672,28.87049430847168,26.778143367767335,22.03575032711029
2023-05-28,38.91582489013672,29.10848976135254,26.953623600006104,22.161532111167908
2023-05-29,38.91582489013672,29.346485214233397,27.129103832244873,22.277455730438234
2023-05-30,40.07991790771485,29.596930847167968,27.316224994659425,22.3963182926178
2023-05-31,37.8046875,29.810065612792968,27.480593852996826,22.50380470275879
2023-06-01,39.73918914794922,30.075359916687013,27.671630840301514,22.620963621139527
2023-06-02,39.296531677246094,30.332440643310548,27.857252178192137,22.73606903076172
2023-06-03,39.296531677246094,30.583625946044922,28.013801040649415,22.849321670532227
2023-06-04,39.296531677246094,30.834811248779296,28.174126281738282,22.966349787712097
2023-06-05,39.14065170288086,31.082878952026366,28.332892723083496,23.08376211166382
2023-06-06,38.62405776977539,31.315738525390625,28.486493225097657,23.199929847717286
2023-06-07,37.44983673095703,31.511823921203614,28.62620355606079,23.31022647857666
2023-06-08,38.48414611816406,31.723319664001465,28.77910430908203,23.42569465637207
2023-06-09,38.74396896362305,31.956539001464844,28.93977834701538,23.542921395301818
2023-06-10,38.74396896362305,32.18945861816406,29.094298248291015,23.6565474653244
2023-06-11,38.74396896362305,32.42237823486328,29.243063583374024,23.76777142047882
2023-06-12,39.45549774169922,32.66952842712402,29.398944206237793,23.88255301952362
2023-06-13,40.99446105957031,32.948996696472165,29.570214462280273,24.006272931098938
2023-06-14,42.96813583374024,33.28394607543945,29.764578285217286,24.139861216545103
2023-06-15,42.62437057495117,33.59773120880127,29.95812240600586,24.271730675697327
2023-06-16,42.66333770751953,33.906899757385254,30.143133125305177,24.406007323265076
2023-06-17,42.66333770751953,34.2056164932251,30.33558805465698,24.54122284412384
2023-06-18,42.66333770751953,34.50433322906494,30.532749347686767,24.670004458427428
2023-06-19,42.66333770751953,34.80304996490479,30.729910640716554,24.797727065086363
2023-06-20,43.778587341308594,35.10086971282959,30.93822443008423,24.932319712638854
2023-06-21,43.0161018371582,35.397428817749024,31.13890340805054,25.063099932670593
2023-06-22,42.9961166381836,35.7017419052124,31.32842102050781,25.19378022670746
2023-06-23,42.1806640625,35.994542274475094,31.50813537597656,25.321711983680725
2023-06-24,42.1806640625,36.265,31.674729900360106,25.452755794525146
2023-06-25,42.1806640625,36.5354577255249,31.839485855102538,25.583135232925414
2023-06-26,40.6047248840332,36.77439666748047,31.988482418060304,25.70039493560791
2023-06-27,41.84788131713867,37.02878604888916,32.14991054534912,25.824709634780884
2023-06-28,41.08939743041992,37.27959671020508,32.30200517654419,25.945231914520264
2023-06-29,40.79459381103516,37.51823616027832,32.44816408157349,26.06428017616272
2023-06-30,42.27359771728516,37.79259098052979,32.60642513275147,26.188055963516234
2023-07-01,42.27359771728516,38.071702041625976,32.75746175765991,26.309149284362793
2023-07-02,42.27359771728516,38.35081310272217,32.91261518478394,26.432230730056762
2023-07-03,42.384521484375,38.63214263916016,33.068877849578854,26.559473400115966
2023-07-04,42.384521484375,38.90122177124024,33.22514051437378,26.688619260787963
2023-07-05,42.28859329223633,39.16318630218506,33.38292196273804,26.81728548049927
2023-07-06,42.0747299194336,39.40158855438232,33.539773864746095,26.944882383346556
2023-07-07,42.47446060180664,39.61800868988037,33.69488754272461,27.076061458587645
2023-07-08,42.47446060180664,39.84270236968994,33.84601428985596,27.208084716796876
2023-07-09,42.47446060180664,40.067396049499514,33.9932040977478,27.33802993774414
2023-07-10,42.15167999267578,40.28563411712646,34.13716609954834,27.4721657705307
2023-07-11,42.37653350830078,40.5101277923584,34.283376636505125,27.60809024333954
2023-07-12,43.87252426147461,40.77429382324219,34.44266851425171,27.751494669914244
2023-07-13,45.94613265991211,41.0829296875,34.62781255722046,27.90526713848114
2023-07-14,45.4384765625,41.23268775939941,34.813595581054685,28.056501326560973
2023-07-15,45.4384765625,41.36314079284668,34.99781982421875,28.213155388832092
2023-07-16,45.4384765625,41.493593826293946,35.18204406738281,28.37023405075073
2023-07-17,46.429813385009766,41.643873596191405,35.37618167877197,28.529437084197998
2023-07-18,47.46210861206055,41.814799270629884,35.580642242431644,28.693746643066405
2023-07-19,47.04539489746094,41.954108810424806,35.775519828796384,28.855972633361816
2023-07-20,45.489444732666016,42.107803955078126,35.95893478393555,29.010418872833252
2023-07-21,44.27924728393555,42.198605117797854,36.13698251724243,29.158814125061035
2023-07-22,44.27924728393555,42.29825942993164,36.31535003662109,29.308702964782714
2023-07-23,44.27924728393555,42.39791374206543,36.49076984405517,29.456423850059508
2023-07-24,44.58204650878906,42.50362403869629,36.669217643737795,29.608076438903808
2023-07-25,45.64833068847656,42.6337776184082,36.85832828521728,29.762093262672423
2023-07-26,45.42148208618164,42.76972610473633,37.042732315063475,29.914975843429566
2023-07-27,45.86919021606445,42.93811317443848,37.22496854782104,30.07009696483612
2023-07-28,46.71860885620117,43.102802429199215,37.41306104660034,30.22562380313873
2023-07-29,46.71860885620117,43.26229522705078,37.60941711425781,30.37974697113037
2023-07-30,46.71860885620117,43.42178802490234,37.805623321533204,30.53341057777405
2023-07-31,46.697635650634766,43.58086135864258,38.00161979675293,30.684421730041503
2023-08-01,46.47578048706055,43.721267013549806,38.19539772033691,30.83238543510437
2023-08-02,44.2392807006836,43.78616340637207,38.36758005142212,30.96916664123535
2023-08-03,44.48511505126953,43.816502990722654,38.55022453308106,31.107177019119263
2023-08-04,44.65000534057617,43.857015686035155,38.727373447418216,31.246011848449708
2023-08-05,44.65000534057617,43.89674903869629,38.90182439804077,31.3808354473114
2023-08-06,44.65000534057617,43.93648239135742,39.07104944229126,31.517282524108886
2023-08-07,45.386512756347656,43.99094589233398,39.24763956069946,31.66046926498413
2023-08-08,44.634010314941406,44.03035934448242,39.4167046546936,31.794528560638426
2023-08-09,42.525428771972656,44.0052961730957,39.55308294296265,31.91804494857788
2023-08-10,42.35954284667969,43.99216499328613,39.69479690551758,32.04073190689087
2023-08-11,40.82756805419922,43.948794021606446,39.82526796340942,32.14899537086487
2023-08-12,40.82756805419922,43.921732101440426,39.95813718795776,32.256899204254154
2023-08-13,40.82756805419922,43.894670181274414,40.079835090637204,32.36451328277588
2023-08-14,43.7236213684082,43.92552932739258,40.23049352645874,32.48421491622925
2023-08-15,43.91049957275391,43.99164482116699,40.38302074432373,32.602038602828976
2023-08-16,43.45680618286133,44.02382331848145,40.526304683685304,32.717593822479245
2023-08-17,43.314903259277344,44.06833343505859,40.67396507263184,32.832439527511596
2023-08-18,43.26993179321289,44.11784019470215,40.81803817749024,32.95306966781616
2023-08-19,43.26993179321289,44.1377668762207,40.965178928375245,33.07182658195496
2023-08-20,43.26993179321289,44.15769355773926,41.11469779968262,33.18356014251709
2023-08-21,46.93546676635742,44.2509309387207,41.300872020721435,33.30979500770569
2023-08-22,45.63733673095703,44.315987243652344,41.47406494140625,33.43258133888244
2023-08-23,47.08437347412109,44.409984283447265,41.65560302734375,33.562602853775026
2023-08-24,47.1313362121582,44.5068391418457,41.83501272201538,33.692859182357786
2023-08-25,45.98711013793945,44.58508674621582,41.993337650299075,33.81744930267334
2023-08-26,45.98711013793945,44.65533973693848,42.13667421340942,33.93662456512451
2023-08-27,45.98711013793945,44.72559272766113,42.284147548675534,34.05563998222351
2023-08-28,46.80355453491211,44.81217460632324,42.43978532791138,34.17807824134827
2023-08-29,48.75124740600586,44.94416595458984,42.614900035858156,34.31560990333557
2023-08-30,49.230918884277344,45.081253662109376,42.79569072723389,34.45553992271423
2023-08-31,49.32186126708984,45.19024040222168,42.98226711273193,34.59592465400696
2023-09-01,48.47643661499024,45.240846481323246,43.16188808441162,34.72946973800659
2023-09-02,48.47643661499024,45.301605682373044,43.26714672088623,34.85710540771484
2023-09-03,48.47643661499024,45.36236488342285,43.36275283813477,34.98577507019043
2023-09-04,48.47643661499024,45.423124084472654,43.458358955383304,35.118251161575316
2023-09-05,48.515411376953125,45.464836044311525,43.55435482025146,35.253989210128786
2023-09-06,47.03328323364258,45.45625953674316,43.635529403686526,35.3823166179657
2023-09-07,46.21376419067383,45.439626922607424,43.696867866516115,35.50654643058777
2023-09-08,45.5451545715332,45.44074111938477,43.77427253723145,35.627433195114136
2023-09-09,45.5451545715332,45.46605926513672,43.83233219146729,35.7519815158844
2023-09-10,45.5451545715332,45.491377410888674,43.894818420410154,35.87603529930115
2023-09-11,45.1513900756836,45.50882026672363,43.95336700439453,35.983584022521974
2023-09-12,44.84356689453125,45.51405067443848,44.00883735656738,36.09148181915283
2023-09-13,45.45820617675781,45.5102481842041,44.07201290130615,36.20245281219482
2023-09-14,45.55415725708008,45.51290168762207,44.1413138961792,36.31390356063843
2023-09-15,43.874141693115234,45.47300071716309,44.20555694580078,36.41588025093078
2023-09-16,43.874141693115234,45.416111373901366,44.259456901550294,36.51928060531616
2023-09-17,43.874141693115234,45.35922203063965,44.310758628845214,36.6252684879303
2023-09-18,43.94009399414063,45.30365173339844,44.36271987915039,36.7285090637207
2023-09-19,43.49436569213867,45.23958633422851,44.41022384643555,36.82664371490478
2023-09-20,42.21411895751953,45.154353103637696,44.43781005859375,36.91837713241577
2023-09-21,40.99283981323242,45.08942428588867,44.43779384613037,37.00400415420532
2023-09-22,41.585487365722656,45.03143173217774,44.423967361450195,37.09427282333374
2023-09-23,41.585487365722656,44.970141372680665,44.41357852935791,37.18585046768189
2023-09-24,41.585487365722656,44.90885101318359,44.40280002593994,37.27296657562256
2023-09-25,42.19712829589844,44.859793472290036,44.39813793182373,37.36686299324035
2023-09-26,41.88631820678711,44.78978958129883,44.39036773681641,37.46155854225159
2023-09-27,42.44298553466797,44.74596908569336,44.38816421508789,37.55903742790222
2023-09-28,43.06361389160156,44.75673278808594,44.38101448059082,37.65961945533753
2023-09-29,43.47336959838867,44.779009323120114,44.38558715820312,37.76224528312683
2023-09-30,43.47336959838867,44.83192535400391,44.39035968780517,37.859390354156496
2023-10-01,43.47336959838867,44.88484138488769,44.40328674316406,37.95571105957031
2023-10-02,44.755615234375,44.96340232849121,44.42903625488281,38.05188307762146
2023-10-03,43.49136734008789,44.95875724792481,44.442143287658695,38.140814571380616
2023-10-04,44.01506423950195,44.960848541259764,44.47624668121338,38.23236454963684
2023-10-05,44.66168212890625,44.98494606018066,44.504384689331054,38.32714761734009
2023-10-06,45.73504257202149,45.033348846435544,44.55084114074707,38.42642315864563
2023-10-07,45.73504257202149,45.08265106201172,44.60024562835693,38.52420485496521
2023-10-08,45.73504257202149,45.13195327758789,44.634860076904296,38.62064260482788
2023-10-09,45.2463264465332,45.171481170654296,44.66458736419678,38.711024560928344
2023-10-10,45.77102279663086,45.14819229125977,44.69956161499024,38.80608839988709
2023-10-11,46.7784309387207,45.17101417541504,44.74350070953369,38.90618927955627
2023-10-12,46.9173469543457,45.16767364501953,44.788828964233396,39.00698473930359
2023-10-13,45.43421936035156,45.133731307983396,44.82028522491455,39.1016035938263
2023-10-14,45.43421936035156,45.12267349243164,44.85388011932373,39.196826992034914
2023-10-15,45.43421936035156,45.111615676879886,44.88347770690918,39.289182624816895
2023-10-16,46.067848205566406,45.11323043823242,44.91941158294678,39.38271293640137
2023-10-17,43.91211700439453,45.05540168762207,44.93378814697266,39.463496122360226
2023-10-18,42.171142578125,44.92379959106445,44.93398277282715,39.535574436187744
2023-10-19,42.076202392578125,44.780705261230466,44.93097946166992,39.60717804908752
2023-10-20,41.36262512207031,44.62152053833008,44.90588047027588,39.67427449226379
2023-10-21,41.36262512207031,44.47924430847168,44.86004539489746,39.74392897605896
2023-10-22,41.36262512207031,44.33696807861328,44.819286880493166,39.816441230773925
2023-10-23,42.94968795776367,44.22643310546875,44.7943989944458,39.896109409332276
2023-10-24,43.63727188110352,44.129649810791015,44.776386947631835,39.97921550750733
2023-10-25,41.754390716552734,43.994429397583005,44.729632720947265,40.05290719985962
2023-10-26,40.30224609375,43.859808654785155,44.65803409576416,40.1193381690979
2023-10-27,40.47614669799805,43.74505630493164,44.592341613769534,40.18393072128296
2023-10-28,40.47614669799805,43.64367614746094,44.54220863342285,40.250571708679196
2023-10-29,40.47614669799805,43.54229598999024,44.50417762756348,40.320580072402954
2023-10-30,41.136756896972656,43.45412803649902,44.472752723693844,40.39405138015747
2023-10-31,40.755977630615234,43.36621978759766,44.437520027160645,40.46414493560791
2023-11-01,42.30007553100586,43.31534996032715,44.41470031738281,40.5419589805603
2023-11-02,43.48036956787109,43.27579322814941,44.393020706176756,40.62567449569702
2023-11-03,44.97848892211914,43.2642798614502,44.388590774536134,40.71566154479981
2023-11-04,44.97848892211914,43.28636680603027,44.37968376159668,40.802326154708865
2023-11-05,44.97848892211914,43.308453750610354,44.36228256225586,40.8876718044281
2023-11-06,45.72405242919922,43.34545196533203,44.35233699798584,40.98087705612183
2023-11-07,45.92793273925781,43.385208740234376,44.34443023681641,41.075026779174806
2023-11-08,46.54656600952149,43.44625274658203,44.342919540405276,41.172269668579105
2023-11-09,46.92234420776367,43.540417251586916,44.3473851776123,41.27139144897461
2023-11-10,48.3065299987793,43.68669105529785,44.38805767059326,41.37781886100769
2023-11-11,48.3065299987793,43.821111907958986,44.42627182006836,41.48824817657471
2023-11-12,48.3065299987793,43.955532760620116,44.462837066650394,41.595105257034305
2023-11-13,48.59135818481445,44.09565017700195,44.502250595092775,41.702037496566774
2023-11-14,49.626747131347656,44.24424255371094,44.55201801300049,41.81153372764587
2023-11-15,48.85920333862305,44.38370025634766,44.58674491882324,41.917192239761356
2023-11-16,49.45085525512695,44.52385765075684,44.6349133682251,42.02580901145935
2023-11-17,49.26896667480469,44.6479647064209,44.70234874725342,42.127715845108035
2023-11-18,49.26896667480469,44.76387664794922,44.77144298553467,42.23311994552612
2023-11-19,49.26896667480469,44.87978858947754,44.85585697174072,42.340562467575076
2023-11-20,50.37931060791016,45.01790740966797,44.95137439727783,42.454755792617796
2023-11-21,49.914581298828125,45.12108673095703,45.04224452972412,42.56103981018067
2023-11-22,48.68730545043945,45.22500549316406,45.091881370544435,42.661187448501586
2023-11-23,48.68730545043945,45.31845031738281,45.13964942932129,42.76133508682251
2023-11-24,47.74785614013672,45.38017379760742,45.182559928894044,42.854432306289674
2023-11-25,47.74785614013672,45.42043006896973,45.22688945770264,42.950427265167235
2023-11-26,47.74785614013672,45.46068634033203,45.271668701171876,43.04485343933106
2023-11-27,48.21358489990234,45.510257186889646,45.32110523223877,43.14314208030701
2023-11-28,47.79282379150391,45.56118713378906,45.36633415222168,43.24051597595215
2023-11-29,48.11164474487305,45.607999572753904,45.378095932006836,43.339483976364136
2023-11-30,46.742454528808594,45.607280044555665,45.38914710998535,43.4316060256958
2023-12-01,46.73745346069336,45.60368217468262,45.385677909851076,43.52064046859741
2023-12-02,46.73745346069336,45.62974685668945,45.38173908233642,43.6083759021759
2023-12-03,46.73745346069336,45.65581153869629,45.389242515563964,43.691290082931516
2023-12-04,45.48319625854492,45.656791076660156,45.38420337677002,43.76043879508972
2023-12-05,46.54266357421875,45.666287384033204,45.389758911132816,43.836953229904175
2023-12-06,45.48019409179688,45.69764892578125,45.37652530670166,43.908155317306516
2023-12-07,46.57265090942383,45.78567909240723,45.354739341735836,43.984819688796996
2023-12-08,47.48219299316406,45.893798904418944,45.337252082824705,44.0664714050293
2023-12-09,47.48219299316406,46.01619026184082,45.31885540008545,44.15056125640869
2023-12-10,47.48219299316406,46.138581619262695,45.308912963867186,44.23540052413941
2023-12-11,46.603633880615234,46.243401794433595,45.29018493652344,44.27866582870483
2023-12-12,47.63311767578125,46.33707038879395,45.281751747131345,44.32225229263306
2023-12-13,48.06390380859375,46.42560302734375,45.27762641906738,44.36799268722534
2023-12-14,48.32576751708984,46.557030563354495,45.27572998046875,44.41504240036011
2023-12-15,48.86549377441406,46.728295516967776,45.294052085876466,44.464790744781496
2023-12-16,48.86549377441406,46.896082458496096,45.32056938171387,44.50871862411499
2023-12-17,48.86549377441406,47.063869400024416,45.353772773742676,44.56402265548706
2023-12-18,50.05190658569336,47.25538459777832,45.39884029388428,44.61558624267578
2023-12-19,49.57913589477539,47.424232177734375,45.4391801071167,44.66699926376343
2023-12-20,48.086891174316406,47.5708504486084,45.46853511810303,44.71095106124878
2023-12-21,48.965450286865234,47.70415794372558,45.509753952026365,44.75929565429688
2023-12-22,48.8055305480957,47.81066116333008,45.543227195739746,44.80762004852295
2023-12-23,48.8055305480957,47.88720199584961,45.5757409286499,44.85852741241455
2023-12-24,48.8055305480957,47.96374282836914,45.625054817199704,44.915305881500245
2023-12-25,48.8055305480957,48.04028366088867,45.674368705749515,44.966912803649905
2023-12-26,49.25429916381836,48.11088859558105,45.728170280456546,45.01946445465088
2023-12-27,49.39223098754883,48.180174560546874,45.782691650390625,45.07270576477051
2023-12-28,49.4971809387207,48.23918685913086,45.84271980285644,45.126471824645996
2023-12-29,49.4971809387207,48.29068359375,45.91555042266846,45.1766802406311
2023-12-30,49.4971809387207,48.31449661254883,46.00059383392334,45.219193840026854
2023-12-31,49.4971809387207,48.338309631347656,46.07971076965332,45.251839065551756
2024-01-01,49.4971809387207,48.36212265014648,46.1588277053833,45.286203117370604
2024-01-02,48.14385986328125,48.35317268371582,46.224411430358884,45.31360572814941
2024-01-03,47.54515838623047,48.31154090881348,46.27789173126221,45.33801483154297
2024-01-04,47.97394943237305,48.29383583068848,46.338768043518066,45.36456789016724
2024-01-05,49.072391510009766,48.286266555786135,46.40506210327148,45.39661315917969
2024-01-06,49.072391510009766,48.28233505249023,46.465149879455566,45.423082180023194
2024-01-07,49.072391510009766,48.27840354919434,46.52114009857178,45.45336362838745
2024-01-08,52.226810455322266,48.337560424804686,46.60867450714111,45.499517097473145
2024-01-09,53.11336898803711,48.392241592407224,46.7050745010376,45.55418062210083
2024-01-10,54.32276153564453,48.480405197143554,46.80074596405029,45.614891109466555
2024-01-11,54.79452133178711,48.60254951477051,46.91377750396728,45.67796039581299
2024-01-12,54.682579040527344,48.72245498657227,47.020452651977536,45.74834966659546
2024-01-13,54.682579040527344,48.86114944458008,47.12066162109375,45.8125231552124
2024-01-14,54.682579040527344,48.99984390258789,47.21013698577881,45.88048906326294
2024-01-15,54.682579040527344,49.1385383605957,47.29961235046387,45.9499289894104
2024-01-16,56.35374450683594,49.30134155273438,47.40579936981201,46.02032972335815
2024-01-17,56.0249137878418,49.465983352661134,47.513585243225094,46.089086303710936
2024-01-18,57.07837677001953,49.64531799316406,47.626658782958984,46.16311019897461
2024-01-19,59.461185455322266,49.899692611694334,47.753486328125,46.24849351882935
2024-01-20,59.461185455322266,50.15416725158691,47.878924713134765,46.333876838684084
2024-01-21,59.461185455322266,50.40864189147949,48.01919437408447,46.41973979949951
2024-01-22,59.62411117553711,50.66637504577637,48.16109329223633,46.50748670578003
2024-01-23,59.84299850463867,50.95357109069824,48.3051810836792,46.59432939529419
2024-01-24,61.33124923706055,51.24934280395508,48.45781509399414,46.68861333847046
2024-01-25,61.58612060546875,51.571461334228516,48.634555130004884,46.78417163848877
2024-01-26,61.00041198730469,51.86001655578613,48.82284782409668,46.87841529846192
2024-01-27,61.00041198730469,52.130380935668946,49.01208992004395,46.971534690856934
2024-01-28,61.00041198730469,52.40074531555176,49.20846778869629,47.057174129486086
2024-01-29,62.433692932128906,52.699775314331056,49.41917846679687,47.13961193084717
2024-01-30,62.74253845214844,53.02255340576172,49.632977600097654,47.226132240295414
2024-01-31,61.49616622924805,53.29981437683105,49.8184423828125,47.30642068862915
2024-02-01,62.99541473388672,53.598444595336915,50.012023811340335,47.39420537948608
2024-02-02,66.12684631347656,53.95446617126465,50.25574836730957,47.492690544128415
2024-02-03,66.12684631347656,54.299693222045896,50.51399436950683,47.5860142326355
2024-02-04,66.12684631347656,54.64492027282715,50.77050136566162,47.681421489715575
2024-02-05,69.29725646972656,55.0535555267334,51.0587124633789,47.80046054840088
2024-02-06,68.18881225585938,55.41629364013672,51.33583911895752,47.9200083732605
2024-02-07,70.06385803222656,55.82598808288574,51.625110130310055,48.04893142700195
2024-02-08,69.60609436035156,56.256372146606445,51.913611297607424,48.17556566238403
2024-02-09,72.09686279296875,56.71900039672852,52.211579170227054,48.31313974380493
2024-02-10,72.09686279296875,57.18482704162598,52.49774410247803,48.44538240432739
2024-02-11,72.09686279296875,57.65065368652344,52.768927841186525,48.578759307861326
2024-02-12,72.2117919921875,58.11877891540527,53.041260871887204,48.71047231674194
2024-02-13,72.09185791015625,58.58450546264648,53.312394561767576,48.837338562011716
2024-02-14,73.86296844482422,59.0766788482666,53.59378372192383,48.973060359954836
2024-02-15,72.62158203125,59.541265869140624,53.86072021484375,49.10257522583008
2024-02-16,72.57660675048828,60.002854385375976,54.12102062225342,49.231970081329344
2024-02-17,72.57660675048828,60.46444290161133,54.37756324768066,49.36247421264648
2024-02-18,72.57660675048828,60.92603141784668,54.620264015197755,49.50416084289551
2024-02-19,72.57660675048828,61.38761993408203,54.86296478271484,49.6446183013916
2024-02-20,69.41719818115234,61.786020278930664,55.07407146453858,49.768454265594485
2024-02-21,67.43819427490234,62.17190696716309,55.262539825439454,49.88239521026611
2024-02-22,78.4986343383789,62.790976486206056,55.551258697509766,50.05163835525513
2024-02-23,78.77750396728516,63.4070475769043,55.850441703796385,50.21859331130982
2024-02-24,78.77750396728516,64.00114982604981,56.14370819091797,50.38931077957153
2024-02-25,78.77750396728516,64.59525207519532,56.43879356384277,50.570571155548095
2024-02-26,79.05237579345703,65.19485176086425,56.736627655029295,50.754035320281986
2024-02-27,78.66155242919922,65.72354660034179,57.03055351257324,50.943205242156985
2024-02-28,77.62408447265625,66.21376091003418,57.30300125122071,51.12718782424927
2024-02-29,79.07234954833984,66.70875267028809,57.59457893371582,51.31841173171997
2024-03-01,82.23775482177734,67.25761734008789,57.930083427429196,51.51098239898682
2024-03-02,82.23775482177734,67.80872085571289,58.265587921142576,51.70261867523193
2024-03-03,82.23775482177734,68.3598243713379,58.610486907958986,51.89652341842651
2024-03-04,85.19428253173828,68.97005844116211,58.984951171875,52.10592031478882
2024-03-05,85.9249496459961,69.59490585327148,59.366722106933594,52.319195404052735
2024-03-06,88.65970611572266,70.24102508544922,59.7711833190918,52.546144275665284
2024-03-07,92.62689208984376,70.97306465148925,60.2195240020752,52.792929077148436
2024-03-08,87.48824310302734,71.58126197814941,60.613289985656735,52.99569295883179
2024-03-09,87.48824310302734,72.14180313110352,61.020747871398925,53.20494749069214
2024-03-10,87.48824310302734,72.70234428405762,61.428255767822264,53.40696683883667
2024-03-11,85.73503875732422,73.22782135009766,61.81823162078857,53.5999853515625
2024-03-12,91.87124633789062,73.87276405334472,62.26956954956054,53.829406032562254
2024-03-13,90.84671783447266,74.49283843994141,62.72320476531982,54.05370407104492
2024-03-14,87.90404510498047,75.02429435729981,63.13681858062744,54.263288745880125
2024-03-15,87.7970962524414,75.54851387023926,63.55998760223389,54.46825645446777
2024-03-16,87.7970962524414,76.084447555542,63.972232055664065,54.66348569869995
2024-03-17,87.7970962524414,76.62038124084472,64.37538108825683,54.856316585540775
2024-03-18,88.41482543945312,77.16866950988769,64.78470741271973,55.05178140640259
2024-03-19,89.3573989868164,77.70714363098145,65.20345947265625,55.25618621826172
2024-03-20,90.33094787597656,78.258911819458,65.64073261260987,55.46545877456665
2024-03-21,91.39346313476562,78.85685775756836,66.0783360671997,55.680043907165526
2024-03-22,94.24617004394533,79.48187286376952,66.54015872955323,55.9088925743103
2024-03-23,94.24617004394533,80.04425933837891,66.99936275482177,56.137546367645264
2024-03-24,94.24617004394533,80.60664581298828,67.4531695175171,56.37361080169678
2024-03-25,94.9588394165039,81.18328567504882,67.91410297393799,56.617336177825926
2024-03-26,92.51895141601562,81.64771957397461,68.35063755035401,56.85220516204834
2024-03-27,90.20899200439452,82.08812316894532,68.75220840454102,57.07552434921265
2024-03-28,90.31494903564452,82.49314498901367,69.15956653594971,57.2993733215332
2024-03-29,90.31494903564452,82.90732208251953,69.58184711456299,57.525191116333005
2024-03-30,90.31494903564452,83.27168380737305,69.99534210205078,57.75254802703857
2024-03-31,90.31494903564452,83.63604553222656,70.41043628692627,57.97683174133301
2024-04-01,90.32194519042967,84.00054718017579,70.8256004333496,58.20067068099976
2024-04-02,89.41136169433594,84.34453857421875,71.23165874481201,58.42835678100586
2024-04-03,88.92359161376953,84.68117324829102,71.63283935546875,58.65360403060913
2024-04-04,85.865966796875,84.92123321533204,71.99895603179931,58.86356315612793
2024-04-05,87.96802520751953,85.22816207885742,72.38471397399903,59.08370281219482
2024-04-06,87.96802520751953,85.53599044799805,72.76942241668701,59.30607110977173
2024-04-07,87.96802520751953,85.84381881713867,73.154130859375,59.53484064102173
2024-04-08,87.09341430664062,86.13415496826173,73.5300931930542,59.76534351348877
2024-04-09,85.3152084350586,86.38892700195312,73.88827346801757,59.98399211883545
2024-04-10,86.99945831298828,86.74057220458984,74.26329624176026,60.21106197357178
2024-04-11,90.57483673095705,87.20330505371093,74.68760601043701,60.456008720397946
2024-04-12,88.14595031738281,87.39625137329102,75.09361392974853,60.68575283050537
2024-04-13,88.14595031738281,87.58362030029296,75.49533393859863,60.917050991058346
2024-04-14,88.14595031738281,87.77098922729492,75.88606952667236,61.145565814971924
2024-04-15,85.96192932128906,87.914677734375,76.25496490478515,61.36005739212036
2024-04-16,87.37528991699219,88.0811360168457,76.63799388885498,61.57956699371338
2024-04-17,83.99681854248047,88.18784133911133,76.95569396972657,61.782184238433835
2024-04-18,84.63252258300781,88.32801010131836,77.27088550567628,61.98798000335693
2024-04-19,76.16539001464844,88.26987091064453,77.4893117904663,62.1450288772583
2024-04-20,76.16539001464844,88.14842361450195,77.70302047729493,62.308398990631105
2024-04-21,76.16539001464844,88.02697631835937,77.91784858703613,62.469150619506834
2024-04-22,79.48188018798828,87.9718588256836,78.16584159851074,62.64325160980225
2024-04-23,82.38555908203125,87.91568435668945,78.44287139892577,62.826504192352296
2024-04-24,79.64080047607422,87.79000137329102,78.69245361328124,62.99603298187256
2024-04-25,82.59446716308594,87.66869659423828,78.95486083984375,63.18033010482788
2024-04-26,87.69515228271484,87.57006179809571,79.27156322479249,63.39257423400879
2024-04-27,87.69515228271484,87.57419998168945,79.57773097991944,63.60219488143921
2024-04-28,87.69515228271484,87.5783381652832,79.86007064819336,63.80677848815918
2024-04-29,87.7171401977539,87.58291610717774,80.14263019561767,64.01077745437622
2024-04-30,86.36276245117188,87.59547058105468,80.41164596557617,64.21542016983032
2024-05-01,83.0032730102539,87.41811111450195,80.64543758392334,64.40326543807983
2024-05-02,85.77801513671875,87.31673706054687,80.90478775024414,64.60498441696167
2024-05-03,88.74866485595703,87.33362945556641,81.1789619064331,64.81838850021363
2024-05-04,88.74866485595703,87.35266082763673,81.45058734893799,65.04257123947144
2024-05-05,88.74866485595703,87.37169219970703,81.7280698776245,65.2754588508606
2024-05-06,92.09813690185548,87.45771301269531,82.03904712677001,65.52556852340699
2024-05-07,90.51286315917967,87.49967376708985,82.33417163848877,65.77131971359253
2024-05-08,90.37093353271484,87.51994445800781,82.61354404449463,66.01636125564575
2024-05-09,88.7066879272461,87.4874592590332,82.87318553924561,66.25308156967164
2024-05-10,89.83716583251953,87.45633331298828,83.15659553527831,66.48751895904542
2024-05-11,89.83716583251953,87.36815322875977,83.42501304626465,66.7185184288025
2024-05-12,89.83716583251953,87.27997314453125,83.66211624145508,66.95893230438233
2024-05-13,90.3579330444336,87.20220840454101,83.90442710876465,67.20921073913574
2024-05-14,91.3144989013672,87.12932159423828,84.15630363464355,67.46340250015258
2024-05-15,94.58699798583984,87.17068252563476,84.4092010498047,67.7339567565918
2024-05-16,94.31613159179688,87.25282531738281,84.67047424316407,68.00315668106079
2024-05-17,92.43698120117188,87.29526596069336,84.89420547485352,68.25965780258178
2024-05-18,92.43698120117188,87.33770660400391,85.12251434326171,68.51806282043457
2024-05-19,92.43698120117188,87.38014724731445,85.32591552734375,68.7687473487854
2024-05-20,94.73695373535156,87.46858734130859,85.55231643676758,69.0250302696228
2024-05-21,95.34266662597656,87.56900177001953,85.78477447509766,69.2768511581421
2024-05-22,94.90687561035156,87.67891204833984,86.01172531127929,69.52649309158325
2024-05-23,103.75186157226562,87.97547744750976,86.32832534790039,69.82035995483399
2024-05-24,106.42063903808594,88.38657089233398,86.65390205383301,70.12384288787842
2024-05-25,106.42063903808594,88.7556231689453,86.99189262390136,70.42630641937257
2024-05-26,106.42063903808594,89.12467544555665,87.33033294677735,70.72567678451539
2024-05-27,106.42063903808594,89.49372772216798,87.66877326965331,71.023168258667
2024-05-28,113.84925842285156,90.02884460449219,88.08149978637695,71.35088190078736
2024-05-29,114.77283477783205,90.61799713134765,88.50346206665039,71.68321342468262
2024-05-30,110.44979858398438,91.08700393676757,88.9137880706787,71.99392976760865
2024-05-31,109.58319854736328,91.4671711730957,89.33523811340332,72.29888896942138
2024-06-01,109.58319854736328,91.89591613769531,89.64608375549317,72.59867122650147
2024-06-02,109.58319854736328,92.32466110229493,89.95414070129395,72.90229120254517
2024-06-03,114.94775390625,92.86069717407227,90.31584320068359,73.22977569580078
2024-06-04,116.38410949707033,93.4691407775879,90.69190925598144,73.56535140991211
2024-06-05,122.3843765258789,94.16932250976562,91.12522926330567,73.93092845916748
2024-06-06,120.94303131103516,94.90824676513672,91.54804405212403,74.28929878234864
2024-06-07,120.83308410644533,95.63225799560547,91.98013404846192,74.6415676498413
2024-06-08,120.83308410644533,96.5256118774414,92.39774139404297,74.9961601638794
2024-06-09,120.83308410644533,97.41896575927734,92.78369468688965,75.35688905715942
2024-06-10,121.73467254638672,98.33035140991211,93.17866386413574,75.72212589263916
2024-06-11,120.8650131225586,99.15801406860352,93.56493644714355,76.08771167755127
2024-06-12,125.15340423583984,100.01337097167969,93.96452766418457,76.47473941802978
2024-06-13,129.561767578125,101.01179031372071,94.40089584350586,76.88380897521972
2024-06-14,131.83091735839844,101.99651931762695,94.83260795593262,77.3018956375122
2024-06-15,131.83091735839844,102.87923461914062,95.22464820861816,77.72208610534668
2024-06-16,131.83091735839844,103.7619499206543,95.66807495117187,78.14068246841431
2024-06-17,130.93125915527344,104.62667205810547,96.10250511169434,78.56162649154663
2024-06-18,135.529541015625,105.58292007446289,96.58291809082031,79.00558692932128
2024-06-19,135.529541015625,106.56625564575195,97.08086311340332,79.44954736709595
2024-06-20,130.7313232421875,107.52081665039063,97.46946388244629,79.86951671600342
2024-06-21,126.52288818359376,108.33571411132813,97.8262255859375,80.27471517562866
2024-06-22,126.52288818359376,109.09119857788086,98.21241401672363,80.67461629867553
2024-06-23,126.52288818359376,109.84668304443359,98.59967193603515,81.07982976913452
2024-06-24,118.06603240966795,110.43303039550781,98.90236129760743,81.43729667663574
2024-06-25,126.0430679321289,111.11192901611328,99.2848210144043,81.83010105133057
2024-06-26,126.35295104980467,111.82873077392578,99.66420227050781,82.22445484161376
2024-06-27,123.94384765625,112.50018905639648,100.01006675720215,82.6067631149292
2024-06-28,123.4940185546875,113.19593566894531,100.34169746398926,82.99121503829956
2024-06-29,123.4940185546875,113.86907272338867,100.66270301818848,83.3705195426941
2024-06-30,123.4940185546875,114.54220977783203,100.9551815032959,83.74767011642456
2024-07-01,124.25374603271484,115.23054138183593,101.2552572631836,84.12731000900268
2024-07-02,122.62434387207033,115.87586959838868,101.53903900146484,84.49610425949096
2024-07-03,128.2322540283203,116.61422470092774,101.87177314758301,84.8929380607605
2024-07-04,128.2322540283203,117.28712982177734,102.22890617370605,85.28977186203002
2024-07-05,125.78317260742188,117.91647064208985,102.58464797973633,85.66842819213868
2024-07-06,125.78317260742188,118.58339447021484,102.9393302154541,86.0494483757019
2024-07-07,125.78317260742188,119.25031829833985,103.29401245117188,86.43792978286743
2024-07-08,128.1522674560547,119.9646240234375,103.67238563537597,86.83386386871338
2024-07-09,131.33111572265625,120.69650726318359,104.0825473022461,87.24649179458618
2024-07-10,134.85980224609375,121.48684997558594,104.52792587280274,87.67676315307617
2024-07-11,127.3525848388672,122.13576416015626,104.90733810424804,88.06949842453002
2024-07-12,129.19190979003906,122.64456512451171,105.31002128601074,88.47143032073974
2024-07-13,129.19190979003906,123.09999053955079,105.74328071594238,88.87111837387084
2024-07-14,129.19190979003906,123.55541595458985,106.15551956176758,89.2701167678833
2024-07-15,128.3922119140625,123.99484741210938,106.55976142883301,89.66459192276001
2024-07-16,126.31297302246094,124.39269409179687,106.94321090698242,90.04867088317872
2024-07-17,117.94607543945312,124.4746304321289,107.25173751831055,90.39091535568237
2024-07-18,121.044921875,124.60007217407227,107.60903465270997,90.74865406036378
2024-07-19,117.8861083984375,124.74879837036133,107.91790115356446,91.09059869766236
2024-07-20,117.8861083984375,124.91485656738281,108.19101387023926,91.43930994033813
2024-07-21,117.8861083984375,125.0809147644043,108.4884154510498,91.79101469039917
2024-07-22,123.4940185546875,125.35913116455077,108.84189613342285,92.16861503601075
2024-07-23,122.54437255859376,125.51106353759765,109.18588035583497,92.53597494125366
2024-07-24,114.2074737548828,125.4675308227539,109.4683358001709,92.86165035247802
2024-07-25,112.23820495605467,125.26460739135742,109.71696495056152,93.17747941970825
2024-07-26,113.0179214477539,125.1061051940918,110.00717597961426,93.4814349746704
2024-07-27,113.0179214477539,124.94980194091796,110.29102996826173,93.780957736969
2024-07-28,113.0179214477539,124.79349868774415,110.65955528259278,94.07443353652954
2024-07-29,111.54846954345705,124.60780639648438,111.01338607788085,94.35820327758789
2024-07-30,103.69139862060548,124.24694091796874,111.28864616394043,94.60324737548828
2024-07-31,116.97643280029295,124.16916931152343,111.66359169006347,94.91471664428711
2024-08-01,109.16935729980467,123.84948837280274,111.93142967224121,95.1871505355835
2024-08-02,107.23007202148438,123.40285446166992,112.20732238769531,95.44988800048829
2024-08-03,107.23007202148438,122.91083755493165,112.45367843627929,95.70426963806152
2024-08-04,107.23007202148438,122.41882064819336,112.64902763366699,95.96029542922973
2024-08-05,100.41261291503906,121.79045455932618,112.77620223999024,96.17696660995483
2024-08-06,104.21118927001952,121.2560531616211,112.94136260986328,96.40071662902832
2024-08-07,98.8731918334961,120.52292617797852,113.0529231262207,96.5977766609192
2024-08-08,104.9309310913086,119.91095397949219,113.23860481262207,96.82512538909913
2024-08-09,104.71101379394533,119.39054779052735,113.45568222045898,97.05055990219117
2024-08-10,104.71101379394533,118.95431030273437,113.64501220703124,97.27489997863769
2024-08-11,104.71101379394533,118.5180728149414,113.80463569641114,97.49179880142212
2024-08-12,108.97942352294922,118.16720352172851,114.00694328308106,97.72876531600951
2024-08-13,116.09677124023438,118.12781829833985,114.28042434692382,98.00424711227417
2024-08-14,118.03606414794922,117.96767822265625,114.53980361938477,98.28942537307739
2024-08-15,122.81427001953124,117.89690460205078,114.86281768798828,98.59849466323853
2024-08-16,124.53363800048828,117.90870040893554,115.20444473266602,98.90899438858033
2024-08-17,124.53363800048828,117.92949279785157,115.56271423339844,99.21794988632202
2024-08-18,124.53363800048828,117.95028518676757,115.90967895507812,99.53313724517822
2024-08-19,129.9516143798828,118.07943710327149,116.31082344055176,99.8679182434082
2024-08-20,127.20264434814452,118.13841506958008,116.684478225708,100.17329723358154
2024-08-21,128.45217895507812,118.25497177124024,117.06542068481446,100.48492389678955
2024-08-22,123.69393920898438,118.16420547485352,117.38921508789062,100.77275936126709
2024-08-23,129.32183837890625,118.18599716186523,117.73656349182129,101.07288227081298
2024-08-24,129.32183837890625,118.25677047729492,118.08662055969238,101.37854740142822
2024-08-25,129.32183837890625,118.32754379272461,118.45546913146973,101.67483730316162
2024-08-26,126.41293334960938,118.34013900756835,118.79522865295411,101.95887149810791
2024-08-27,128.25225830078125,118.3421388244629,119.1533814239502,102.23964847564697
2024-08-28,125.5632553100586,118.22678161621094,119.46164443969727,102.50698043823242
2024-08-29,117.54623413085938,117.88051025390625,119.6836801147461,102.73422729492188
2024-08-30,119.32557678222656,117.71997009277344,119.92786712646485,102.96979621887208
2024-08-31,119.32557678222656,117.52264343261719,120.08360427856445,103.20596481323243
2024-09-01,119.32557678222656,117.32531677246094,120.21265365600586,103.43327785491944
2024-09-02,119.32557678222656,117.12799011230469,120.34170303344726,103.66679782867432
2024-09-03,107.95980072021484,116.71934188842773,120.35709465026855,103.84371379852296
2024-09-04,106.17047119140624,116.31649185180665,120.35459297180176,104.01168312072754
2024-09-05,107.17009735107422,116.10097229003907,120.28780136108398,104.18465057373047
2024-09-06,102.7917251586914,115.7359083557129,120.16799026489258,104.33572616577149
2024-09-07,102.7917251586914,115.43402069091798,120.09140953063965,104.50259880065919
2024-09-08,102.7917251586914,115.13213302612304,120.02349479675293,104.67936645507812
2024-09-09,106.4303741455078,114.90301834106445,119.99196655273437,104.81902515411377
2024-09-10,108.05976104736328,114.59433319091796,119.97673217773438,104.96543643951416
2024-09-11,116.86649322509766,114.48077560424805,119.99591957092285,105.15588138580323
2024-09-12,119.10585021972656,114.57874313354492,120.02313697814941,105.35752311706543
2024-09-13,119.06584930419922,114.71529602050781,119.98995170593261,105.55759048461914
2024-09-14,119.06584930419922,114.83625457763672,119.97117988586426,105.75961196899414
2024-09-15,119.06584930419922,114.95721313476562,119.9535075378418,105.96682079315185
2024-09-16,116.74651336669922,115.03178497314452,119.91264183044433,106.15519161224366
2024-09-17,115.5568618774414,115.11195281982423,119.8598796081543,106.32178714752197
2024-09-18,113.33749389648438,115.30487472534179,119.77590782165527,106.47728584289551
2024-09-19,117.8362045288086,115.32207015991212,119.74561973571777,106.65527809143066
2024-09-20,115.96674346923828,115.45801788330078,119.65375312805176,106.80914039611817
2024-09-21,115.96674346923828,115.63275131225586,119.5178028869629,106.95934936523437
2024-09-22,115.96674346923828,115.80748474121094,119.3591611480713,107.09588455200195
2024-09-23,116.22667694091795,115.9874168395996,119.20311874389648,107.21388347625732
2024-09-24,120.8353500366211,116.39587158203125,119.09316307067871,107.38061901092529
2024-09-25,123.47459411621094,116.78113967895507,119.01859642028809,107.56055076599121
2024-09-26,124.0044403076172,117.2837646484375,118.903345413208,107.74313175201416
2024-09-27,121.36520385742188,117.61245010375977,118.76170204162598,107.92128257751465
2024-09-28,121.36520385742188,117.9455339050293,118.66804084777831,108.0687523651123
2024-09-29,121.36520385742188,118.27861770629883,118.6164640045166,108.22134479522705
2024-09-30,121.40518951416016,118.61250122070312,118.56528701782227,108.38885051727294
2024-10-01,116.9664535522461,118.77224182128906,118.46972267150879,108.53469730377198
2024-10-02,118.81592559814452,118.82662490844727,118.47722160339356,108.6897914505005
2024-10-03,122.81478118896484,118.92219924926758,118.44493873596191,108.8648798751831
2024-10-04,124.88418579101562,118.96359756469727,118.43025108337402,109.04722667694092
2024-10-05,124.88418579101562,118.97060852050781,118.43965446472168,109.22486061096191
2024-10-06,124.88418579101562,118.97761947631835,118.45355613708496,109.39762680053711
2024-10-07,127.68338775634766,119.04061447143555,118.49544982910156,109.57907642364502
2024-10-08,132.85189819335938,119.09862014770508,118.58902862548828,109.7721050643921
2024-10-09,132.61196899414062,119.206806640625,118.67261085510253,109.96393405914307
2024-10-10,134.7713623046875,119.33319030761719,118.7940810394287,110.16656002044678
2024-10-11,134.76136779785156,119.55453887939453,118.85937217712403,110.36557266235351
2024-10-12,134.76136779785156,119.66332946777344,118.92466331481934,110.5767847442627
2024-10-13,134.76136779785156,119.77212005615235,119.01444526672363,110.79954662322999
2024-10-14,138.0304412841797,119.94629211425782,119.1369179534912,111.03812408447266
2024-10-15,131.56228637695312,120.04927917480468,119.19470909118652,111.2443607711792
2024-10-16,135.68109130859375,120.19785583496093,119.26999732971191,111.47119148254394
2024-10-17,136.8907470703125,120.42440567016601,119.32559364318848,111.70407047271729
2024-10-18,137.96043395996094,120.83268966674805,119.35659996032715,111.94226291656494
2024-10-19,137.96043395996094,121.20538681030274,119.46267845153808,112.18500827789306
2024-10-20,137.96043395996094,121.57808395385742,119.5503636932373,112.43019248962402
2024-10-21,143.66880798339844,122.06494857788086,119.6951326751709,112.71920669555664
2024-10-22,143.54885864257812,122.5494142150879,119.83870216369628,112.99711086273193
2024-10-23,139.51998901367188,123.18061798095704,119.94997993469238,113.2548706817627
2024-10-24,140.3697509765625,123.86460357666016,120.0905477142334,113.5168793106079
2024-10-25,141.49942016601562,124.55119003295898,120.32608116149902,113.78890933990479
2024-10-26,141.49942016601562,125.32534393310547,120.53062614440918,114.06983039855957
2024-10-27,141.49942016601562,126.09949783325196,120.76675926208496,114.3423302078247
2024-10-28,140.47972106933594,126.85325775146484,120.99269538879395,114.5918546295166
2024-10-29,141.20950317382812,127.54884033203125,121.22592933654785,114.85717239379883
2024-10-30,139.300048828125,128.1736460876465,121.38398963928222,115.11294288635254
2024-10-31,132.72195434570312,128.4907553100586,121.48576545715332,115.33582290649414
2024-11-01,135.36119079589844,128.81586212158203,121.69730262756347,115.58281921386718
2024-11-02,135.36119079589844,129.14176895141603,121.92853248596191,115.82274871826172
2024-11-03,135.36119079589844,129.46767578125,122.15196517944337,116.0795705795288
2024-11-04,136.01100158691406,129.80657882690429,122.38189598083495,116.33646297454834
2024-11-05,139.86988830566406,130.2690463256836,122.65041564941406,116.65498546600342
2024-11-06,145.5682373046875,130.86927383422852,122.99061332702637,117.00199970245362
2024-11-07,148.83734130859375,131.5792707824707,123.44207275390625,117.36535945892334
2024-11-08,147.58767700195312,132.1743002319336,123.74818519592286,117.70588844299317
2024-11-09,147.58767700195312,132.8067189025879,124.13236839294433,118.03189903259278
2024-11-10,147.58767700195312,133.4391375732422,124.53594444274903,118.37163341522216
2024-11-11,145.21835327148438,134.0241697692871,124.91582725524903,118.68475284576417
2024-11-12,148.24746704101562,134.66458557128905,125.32600120544434,118.98751441955567
2024-11-13,146.22805786132812,135.1724397277832,125.78415565490722,119.28017894744873
2024-11-14,146.71791076660156,135.63730606079102,126.20922286987305,119.57529273986816
2024-11-15,141.9392852783203,135.9960029602051,126.63988380432129,119.846403465271
2024-11-16,141.9392852783203,136.40748458862305,127.0099673461914,120.12428607940674
2024-11-17,141.9392852783203,136.818966217041,127.38225006103515,120.41896614074707
2024-11-18,140.10980224609375,137.19385818481445,127.73623794555664,120.69062507629394
2024-11-19,146.9678497314453,137.70511138916015,128.15880630493163,120.98172100067139
2024-11-20,145.84817504882812,138.2827458190918,128.52749382019044,121.26721855163574
2024-11-21,146.62796020507812,138.83898651123047,128.83280570983888,121.55661502838134
2024-11-22,141.9093017578125,139.22087692260743,129.0715380859375,121.80567085266114
2024-11-23,141.9093017578125,139.56137924194337,129.2624884033203,122.0626530456543
2024-11-24,141.9093017578125,139.9018815612793,129.43624504089357,122.32034488677978
2024-11-25,135.9810028076172,140.12381790161132,129.55071868896485,122.55671646118164
2024-11-26,136.88075256347656,140.3077651977539,129.67418983459473,122.79193439483643
2024-11-27,135.3011932373047,140.3567510986328,129.72768562316895,123.01925453186035
2024-11-28,135.3011932373047,140.41053558349608,129.80867111206055,123.24657466888428
2024-11-29,138.2103729248047,140.47931579589843,129.9062530517578,123.48583686828613
2024-11-30,138.2103729248047,140.5482958984375,130.051417388916,123.72031623840331
2024-12-01,138.2103729248047,140.61727600097657,130.140302734375,123.93843311309814
2024-12-02,138.5902557373047,140.69385375976563,130.23298690795897,124.15980373382568
2024-12-03,140.2198028564453,140.73764099121092,130.34196655273436,124.39871784210204
2024-12-04,145.09840393066406,141.00836334228515,130.52882125854492,124.66202495574952
2024-12-05,145.02841186523438,141.19530975341797,130.69658279418945,124.92498210906983
2024-12-06,142.4089813232422,141.30567443847656,130.8650400543213,125.16334224700928
2024-12-07,142.4089813232422,141.3946453857422,131.1136675262451,125.3986738204956
2024-12-08,142.4089813232422,141.4836163330078,131.3445015716553,125.63618434906006
2024-12-09,138.77975463867188,141.50000274658203,131.5390433502197,125.8113238143921
2024-12-10,135.04058837890625,141.3274383544922,131.69619346618651,125.95442356109619
2024-12-11,139.27964782714844,141.2420541381836,131.89573417663576,126.11871860504151
2024-12-12,137.31008911132812,141.1978561401367,132.18923706054687,126.27316585540771
2024-12-13,134.22076416015625,141.0748764038086,132.4697399902344,126.41216648101806
2024-12-14,134.22076416015625,140.9293032836914,132.7402466583252,126.51402400970458
2024-12-15,134.22076416015625,140.7837301635742,133.05453704833985,126.61126365661622
2024-12-16,131.9712371826172,140.59316650390625,133.3463321685791,126.71887084960937
2024-12-17,130.36160278320312,140.3908041381836,133.62203094482422,126.82276287078858
2024-12-18,128.88192749023438,140.14425262451172,133.84654647827148,126.91925651550292
2024-12-19,130.65151977539062,139.97128204345702,134.07246406555177,127.02459812164307
2024-12-20,134.670654296875,140.01025604248048,134.25050567626954,127.12321262359619
2024-12-21,134.670654296875,139.9964453125,134.406153717041,127.21464534759521
2024-12-22,134.670654296875,139.98263458251952,134.56220176696777,127.2760767364502
2024-12-23,139.6395721435547,140.06820220947264,134.76793899536133,127.36955944061279
2024-12-24,140.18946838378906,140.15177154541016,134.97917518615722,127.46634136199951
2024-12-25,140.18946838378906,140.15816314697267,135.21360473632814,127.56312328338623
2024-12-26,139.89952087402344,140.04478881835936,135.45703132629396,127.65845546722412
2024-12-27,136.98016357421875,139.80764526367187,135.6934580230713,127.73468292236328
2024-12-28,136.98016357421875,139.59549499511718,135.8848976135254,127.81525867462159
2024-12-29,136.98016357421875,139.3833447265625,136.0950318145752,127.87439247131347
2024-12-30,137.46005249023438,139.18079223632813,136.30996490478515,127.91388389587402
2024-12-31,134.26075744628906,138.96164031982423,136.49290504455567,127.92603309631347
2025-01-01,134.26075744628906,138.6819061279297,136.67324584960937,127.93818229675293
2025-01-02,138.27987670898438,138.52294250488282,136.847691116333,127.97042709350586
2025-01-03,144.43853759765625,138.4773550415039,137.05733055114746,128.03796348571777
2025-01-04,144.43853759765625,138.52734008789062,137.26167152404784,128.08250846862794
2025-01-05,144.43853759765625,138.57732513427734,137.49240486145018,128.12705345153807
2025-01-06,149.39744567871094,138.72648834228517,137.7727272796631,128.2203840637207
2025-01-07,140.10946655273438,138.72648162841796,137.96016990661622,128.28831695556642
2025-01-08,140.07948303222656,138.5887142944336,138.14691284179688,128.35609992980957
2025-01-09,140.07948303222656,138.47334045410156,138.3780431365967,128.42388290405273
2025-01-10,135.8804168701172,138.25838958740235,138.5486880493164,128.51295482635499
2025-01-11,135.8804168701172,138.13781188964845,138.67934440612794,128.56214157104492
2025-01-12,135.8804168701172,138.01723419189454,138.78930671691896,128.6097789001465
2025-01-13,133.20098876953125,137.84306793212892,138.8724747467041,128.65606460571288
2025-01-14,131.73129272460938,137.75807373046874,138.94094581604003,128.6972509765625
2025-01-15,136.21034240722656,137.74466552734376,139.02621536254884,128.7608325958252
2025-01-16,133.54090881347656,137.7094598388672,139.03310546875,128.81106704711914
2025-01-17,137.6800079345703,137.7570361328125,139.0837858581543,128.87819835662842
2025-01-18,137.6800079345703,137.74642883300783,139.1128723144531,128.9534766769409
2025-01-19,137.6800079345703,137.73582153320314,139.14205871582033,129.00071544647216
2025-01-20,137.6800079345703,137.72521423339845,139.1712451171875,129.0479542160034
2025-01-21,140.79933166503906,137.7693957519531,139.23162475585937,129.1230350112915
2025-01-22,147.03799438476562,137.90575958251952,139.32170028686522,129.22930912017821
2025-01-23,147.1879425048828,137.9475503540039,139.47795684814454,129.33633296966553
2025-01-24,142.58892822265625,137.89876068115234,139.54703521728516,129.40851627349855
2025-01-25,142.58892822265625,137.9023596191406,139.60401702880858,129.46480533599853
2025-01-26,142.58892822265625,137.9059585571289,139.65030197143554,129.50345096588134
2025-01-27,118.39420318603516,137.42566299438477,139.4546396636963,129.45865905761718
2025-01-28,128.9619140625,137.22930618286134,139.36465446472167,129.45750907897948
2025-01-29,123.67305755615234,137.00195556640625,139.16469696044922,129.42991481781007
2025-01-30,124.62285614013672,136.70881973266603,138.9754369354248,129.40706954956056
2025-01-31,120.04385375976562,136.36349502563476,138.78067558288575,129.36532775878905
2025-02-01,120.04385375976562,136.07995681762696,138.57741661071776,129.3339821624756
2025-02-02,120.04385375976562,135.79641860961914,138.36286094665527,129.34447105407716
2025-02-03,116.63459777832033,135.44469528198243,138.11421272277832,129.32241943359375
2025-02-04,118.62416076660156,135.1777537536621,137.8854601287842,129.32610969543458
2025-02-05,124.80281829833984,135.06657806396484,137.72869110107422,129.36069324493408
2025-02-06,128.65196228027344,135.06197875976562,137.60311569213866,129.41452251434328
2025-02-07,129.81170654296875,135.0451824951172,137.5082322692871,129.44611095428468
2025-02-08,129.81170654296875,134.94800354003905,137.47912979125977,129.48244762420654
2025-02-09,129.81170654296875,134.85082458496095,137.42363494873047,129.56046878814698
2025-02-10,133.54090881347656,134.82822967529296,137.40543212890626,129.66698230743407
2025-02-11,132.77108764648438,134.69085998535155,137.3795310974121,129.76574813842774
2025-02-12,131.11143493652344,134.50929931640624,137.3305354309082,129.8562157058716
2025-02-13,135.26052856445312,134.41072052001954,137.2844418334961,129.96742874145508
2025-02-14,138.81976318359375,134.38912536621095,137.21695709228516,130.10378520965577
2025-02-15,138.81976318359375,134.42591735839844,137.11678131103517,130.2794270324707
2025-02-16,138.81976318359375,134.46270935058592,137.02910217285157,130.3886436843872
2025-02-17,138.81976318359375,134.49950134277344,136.94142303466796,130.53689571380616
2025-02-18,139.36964416503906,134.53769317626953,136.85924270629883,130.69759357452392
2025-02-19,139.19967651367188,134.6364715576172,136.7990559387207,130.85744159698487
2025-02-20,140.07948303222656,134.75284606933593,136.71737609863283,131.02168865203856
2025-02-21,134.4007110595703,134.67526275634765,136.59910263061522,131.19162914276123
2025-02-22,134.4007110595703,134.47450622558594,136.47593063354492,131.34257675170898
2025-02-23,134.4007110595703,134.27374969482423,136.4005448913574,131.52021434783936
2025-02-24,130.2516326904297,133.9900115966797,136.28366836547852,131.64681785583497
2025-02-25,126.60242462158205,133.5341111755371,136.13029975891112,131.75627490997314
2025-02-26,131.2514190673828,133.35695022583008,136.04171592712402,131.88897693634033
2025-02-27,120.12384033203124,132.95783737182617,135.77327583312987,131.96604106903075
2025-02-28,124.89279174804688,132.65410354614258,135.56372200012208,132.04560791015626
2025-03-01,124.89279174804688,132.43435104370118,135.34637031555175,132.08958801269532
2025-03-02,124.89279174804688,132.21459854125976,135.1762052154541,132.1238716506958
2025-03-03,114.03515625,131.77769332885742,134.89746376037598,132.07997608184814
2025-03-04,115.96473693847656,131.43296829223632,134.6380181121826,132.0371315765381
2025-03-05,117.27445220947266,131.1438314819336,134.45095260620118,132.00083564758302
2025-03-06,110.5459213256836,130.63054306030273,134.18760429382326,131.93089706420898
2025-03-07,112.66545867919922,130.2130340576172,133.96124694824218,131.84446628570558
2025-03-08,112.66545867919922,129.71274307250977,133.73488960266113,131.77178035736085
2025-03-09,112.66545867919922,129.21245208740234,133.47944046020507,131.69284675598144
2025-03-10,106.95669555664062,128.59798583984374,133.16690368652343,131.60916053771973
2025-03-11,108.73631286621094,128.01911193847656,132.8721630859375,131.50623291015626
2025-03-12,115.7254409790039,127.51763412475586,132.64351493835449,131.43825092315674
2025-03-13,115.56546020507812,126.88818344116211,132.39697151184083,131.3694690322876
2025-03-14,121.65469360351562,126.37751846313476,132.16253440856934,131.34567783355712
2025-03-15,121.65469360351562,125.95883377075195,131.92879722595214,131.3126900100708
2025-03-16,121.65469360351562,125.54014907836914,131.72125434875488,131.2931472015381
2025-03-17,119.51496124267578,125.07866973876953,131.49231414794923,131.30299083709716
2025-03-18,115.41547393798828,125.01909515380859,131.2223790740967,131.28344032287598
2025-03-19,117.50521087646484,124.78996109008789,131.0096336364746,131.27433849334716
2025-03-20,118.51508331298828,124.68680160522462,130.84437858581543,131.27028602600097
2025-03-21,117.68518829345705,124.54804824829101,130.62843399047853,131.26208408355714
2025-03-22,117.68518829345705,124.50087493896484,130.43218498229982,131.31071102142334
2025-03-23,117.68518829345705,124.45370162963867,130.2668292236328,131.3682846069336
2025-03-24,121.3947296142578,124.48071914672852,130.13856887817383,131.4394077682495
2025-03-25,120.67481994628906,124.56152359008789,130.00310943603515,131.5288232421875
2025-03-26,113.74568939208984,124.46395416259766,129.82085395812987,131.5835930633545
2025-03-27,111.41598510742188,124.19621749877929,129.63139778137207,131.62671436309813
2025-03-28,109.6562042236328,123.81630233764649,129.43914054870606,131.64284351348877
2025-03-29,109.6562042236328,123.41319229125976,129.22918739318848,131.65082572937013
2025-03-30,109.6562042236328,123.01008224487305,128.97904289245605,131.6147742843628
2025-03-31,108.36636352539062,122.58117538452149,128.71599998474122,131.5610768508911
2025-04-01,110.13613891601562,122.11307998657226,128.47065483093263,131.5164282989502
2025-04-02,110.4061050415039,121.66578033447266,128.17832015991212,131.4731295776367
2025-04-03,101.78719329833984,121.07929550170898,127.79429740905762,131.38673629760743
2025-04-04,94.29813385009766,120.26004760742188,127.33538406372071,131.27449440002442
2025-04-05,94.29813385009766,119.36961502075195,126.87937019348145,131.1682007598877
2025-04-06,94.29813385009766,118.47918243408203,126.45254989624023,131.07300395965575
2025-04-07,97.6277084350586,117.65534133911133,126.05902534484864,130.971961479187
2025-04-08,96.2878875732422,116.8047038269043,125.65210258483887,130.87356719970703
2025-04-09,114.31561279296876,116.30362319946289,125.42065818786621,130.86531154632567
2025-04-10,107.55646514892578,115.67075897216797,125.15361526489258,130.82326015472412
2025-04-11,110.9160385131836,115.08749008178711,124.92016807556152,130.79670696258546
2025-04-12,110.9160385131836,114.61779663085937,124.64652969360351,130.74711040496825
2025-04-13,110.9160385131836,114.14810317993164,124.31130470275879,130.68431762695312
2025-04-14,110.6960678100586,113.67401031494141,123.97388000488282,130.61777576446534
2025-04-15,112.18588256835938,113.3126953125,123.65135345458984,130.57187915802
2025-04-16,104.4768524169922,112.8701838684082,123.20214752197266,130.48743740081787
2025-04-17,101.47722625732422,112.27470001220703,122.81582511901856,130.38799751281738
2025-04-18,101.47722625732422,111.90176773071289,122.42980255126953,130.2883576965332
2025-04-19,101.47722625732422,111.43345642089844,122.04377998352051,130.2109115600586
2025-04-20,101.47722625732422,110.96514511108398,121.69974807739258,130.1242180633545
2025-04-21,96.89781188964844,110.40524551391601,121.30992202758789,129.99463321685792
2025-04-22,98.87755584716795,110.10209350585937,120.9398934173584,129.86460006713867
2025-04-23,102.69707489013672,109.83674026489258,120.63485427856445,129.7536645126343
2025-04-24,106.4166030883789,109.6195832824707,120.38170738220215,129.66132659912108
2025-04-25,110.99604034423828,109.6285856628418,120.12956436157226,129.57788986206054
2025-04-26,110.99604034423828,109.59519729614257,119.90411567687988,129.46861057281495
2025-04-27,110.99604034423828,109.56180892944336,119.63727600097656,129.36053092956544
2025-04-28,108.71631622314452,109.48282608032227,119.3476390838623,129.2302556991577
2025-04-29,109.00627899169922,109.52381774902344,119.06090179443359,129.10148025512694
2025-04-30,108.9062957763672,109.52721740722656,118.77316467285156,128.97220489501953
2025-05-01,111.59595489501952,109.44462768554688,118.48113090515136,128.85637783050538
2025-05-02,114.485595703125,109.42303039550781,118.15560691833497,128.7386536026001
2025-05-03,114.485595703125,109.2796484375,117.82858345031738,128.65327014923096
2025-05-04,114.485595703125,109.13626647949219,117.54755012512207,128.54729267120362
2025-05-05,113.80567932128906,108.97928619384766,117.2597176361084,128.4318673324585
2025-05-06,113.52571868896484,108.85950134277344,116.96908554077149,128.3096937561035
2025-05-07,117.04527282714844,108.89209732055664,116.95559623718262,128.20511795043944
2025-05-08,117.35523986816406,108.88909790039062,116.83952949523926,128.10209197998046
2025-05-09,116.63532257080078,108.85150268554688,116.76915214538575,127.96692455291748
2025-05-10,116.63532257080078,108.83050537109375,116.68927680969239,127.83235687255859
2025-05-11,116.63532257080078,108.80950805664062,116.65519149780273,127.71793354034423
2025-05-12,122.98452758789062,108.9154948425293,116.68459823608399,127.63100742340087
2025-05-13,129.9136505126953,109.08587326049805,116.78329620361328,127.57307857513428
2025-05-14,135.32296752929688,109.3788362121582,116.97017990112305,127.54219631195069
2025-05-15,134.8130340576172,109.80018310546875,117.1320686340332,127.5087643814087
2025-05-16,135.38296508789062,110.27952270507812,117.2378701019287,127.48328060150146
2025-05-17,135.38296508789062,110.79405792236328,117.30518013000489,127.45414791107177
2025-05-18,135.38296508789062,111.30859313964844,117.3608927154541,127.4345624923706
2025-05-19,135.55294799804688,111.82652801513672,117.41830513000488,127.44871746063232
2025-05-20,134.3630828857422,112.34646240234375,117.46381889343262,127.44372692108155
2025-05-21,131.78341674804688,112.77940795898438,117.44624397277832,127.42583805084229
2025-05-22,132.81329345703125,113.22755172729492,117.44666603088379,127.41309856414794
2025-05-23,131.2734832763672,113.81727752685546,117.44828651428223,127.38941097259521
2025-05-24,131.2734832763672,114.55678451538085,117.40841606140137,127.34642894744873
2025-05-25,131.2734832763672,115.29629150390625,117.3329532623291,127.27495517730713
2025-05-26,131.2734832763672,116.03579849243164,117.25749046325683,127.187135887146
2025-05-27,135.48294067382812,116.79290313720703,117.22412223815918,127.12661220550537
2025-05-28,134.7930450439453,117.56300628662109,117.1838550567627,127.06263904571533
2025-05-29,139.17250061035156,118.06014404296874,117.18188362121582,127.02056316375733
2025-05-30,135.11300659179688,118.61127487182617,117.14101692199706,126.97003643035889
2025-05-31,135.11300659179688,119.09521423339844,117.09135215759278,126.90436412811279
2025-06-01,135.11300659179688,119.5791535949707,117.09847511291504,126.84878887176514
2025-06-02,137.3627166748047,120.10808715820312,117.12809516906738,126.80201290130616
2025-06-03,141.2022247314453,120.71821029663086,117.19611030578614,126.79832759857177
2025-06-04,141.9021453857422,121.31253555297852,117.31261543273926,126.79814189910888
2025-06-05,139.97239685058594,122.02244644165039,117.4463151550293,126.78830745697022
2025-06-06,141.70216369628906,122.82694519042968,117.55082260131836,126.7962692642212
2025-06-07,141.70216369628906,123.63144393920898,117.76660583496094,126.76994083404541
2025-06-08,141.70216369628906,124.43594268798829,117.93469955444336,126.74921077728271
2025-06-09,142.612060546875,125.2586393737793,118.11189224243164,126.7291312789917
2025-06-10,143.94189453125,126.19952102661132,118.30238327026368,126.73929424285889
2025-06-11,142.8219451904297,127.07840881347656,118.59025115966797,126.74385746002197
2025-06-12,144.9918212890625,127.92430374145508,118.88052200317382,126.75927005767822
2025-06-13,141.9619903564453,128.63521148681642,119.12739738464356,126.78917499542236
2025-06-14,141.9619903564453,129.25453048706055,119.44155807495117,126.81458118438721
2025-06-15,141.9619903564453,129.87384948730468,119.73452339172363,126.84788516998292
2025-06-16,144.6818389892578,130.54756546020508,120.05468719482423,126.89478839874268
2025-06-17,144.1118621826172,131.25547637939454,120.3691512298584,126.92429584503174
2025-06-18,145.47178649902344,131.98478652954103,120.75430213928223,126.96060291290283
2025-06-19,145.47178649902344,132.71609634399414,121.12165687561036,126.99690998077392
2025-06-20,143.84188842773438,133.36101501464844,121.40282135009765,127.02316814422608
2025-06-21,143.84188842773438,133.94814086914062,121.68558563232422,127.04127857208252
2025-06-22,143.84188842773438,134.53526672363282,121.9074575805664,127.03499599456786
2025-06-23,144.161865234375,135.1287921142578,122.132529296875,127.03066326141358
2025-06-24,147.8916473388672,135.81051147460937,122.39489883422851,127.0580765914917
2025-06-25,154.30130004882812,136.62602310180665,122.74276222229004,127.11753818511963
2025-06-26,155.01126098632812,137.38534286499024,123.13872009277344,127.18054958343505
2025-06-27,157.74110412597656,138.1930601501465,123.54107902526856,127.27535633087159
2025-06-28,157.74110412597656,139.01517578125,123.93333923339844,127.38885890960694
2025-06-29,157.74110412597656,139.83729141235352,124.33389839172364,127.48116619110107
2025-06-30,157.98109436035156,140.66420684814454,124.73685745239258,127.5845212173462
2025-07-01,153.29136657714844,141.2703436279297,125.09291923522949,127.67987422943115
2025-07-02,157.2411346435547,141.81689331054687,125.45138328552247,127.79497608184815
2025-07-03,159.3310089111328,142.2970541381836,125.8379451751709,127.92052730560303
2025-07-04,159.3310089111328,142.7874136352539,126.29379837036133,128.0573261642456
2025-07-05,159.3310089111328,143.26637451171874,126.77294860839844,128.20217319488526
2025-07-06,159.3310089111328,143.7453353881836,127.26969665527344,128.35441860198975
2025-07-07,158.2310791015625,144.20229766845702,127.75544540405274,128.4923163986206
2025-07-08,159.99098205566406,144.69105834960936,128.25879318237304,128.61891803741455
2025-07-09,162.87081909179688,145.26121307373046,128.80383773803712,128.75991886138917
2025-07-10,164.09075927734375,145.9073599243164,129.3433839416504,128.9070193862915
2025-07-11,164.91070556640625,146.54930816650392,129.8884299468994,129.03337505340576
2025-07-12,164.91070556640625,147.22205261230468,130.51966506958007,129.15698123931884
2025-07-13,164.91070556640625,147.89479705810547,131.22579078674318,129.28058742523194
2025-07-14,164.06076049804688,148.55054260253905,131.92341705322266,129.40139362335205
2025-07-15,170.69036865234375,149.33888031005858,132.6873394012451,129.56994464874268
2025-07-16,171.36033630371094,150.05642822265625,133.42466567993165,129.74184551239014
2025-07-17,172.99024963378906,150.82037231445312,134.19168930053712,129.921895942688
2025-07-18,172.40028381347656,151.48492797851563,134.7725360107422,130.0965970993042
2025-07-19,172.40028381347656,152.23067352294922,135.4209741973877,130.28729473114015
2025-07-20,172.40028381347656,152.9764190673828,136.03581665039061,130.47799236297607
2025-07-21,171.37034606933594,153.7015658569336,136.64035972595215,130.64344470977784
2025-07-22,167.0205841064453,154.2947232055664,137.20140518188475,130.75635494232176
2025-07-23,170.77037048339844,154.88608612060546,137.80214820861818,130.8880141067505
2025-07-24,173.73020935058594,155.52264739990235,138.41759147644044,131.03447246551514
2025-07-25,173.49021911621094,156.19300384521483,139.10772514343262,131.15493633270265
2025-07-26,173.49021911621094,156.82876495361327,139.8278550720215,131.32184009552003
2025-07-27,173.49021911621094,157.4645260620117,140.54798500061034,131.48889377593994
2025-07-28,176.7400360107422,158.16528350830077,141.30061309814454,131.67219654083252
2025-07-29,175.50009155273438,158.82304412841796,142.04084175109864,131.87029491424562
2025-07-30,179.25990295410156,159.529404296875,142.86446266174318,132.08719234466554
2025-07-31,177.85997009277344,160.23016479492188,143.65428680419922,132.2970901107788
2025-08-01,173.710205078125,160.80453247070312,144.3644181060791,132.4996361923218
2025-08-02,173.710205078125,161.4394967651367,145.03735412597655,132.70953075408934
2025-08-03,173.710205078125,162.07446105957033,145.66449577331542,132.89703006744384
2025-08-04,179.98985290527344,162.83501831054687,146.35443389892578,133.12927478790283
2025-08-05,178.24993896484375,163.5063803100586,147.02697288513184,133.3321244430542
2025-08-06,179.40988159179688,164.2123406982422,147.73390853881835,133.54077381134033
2025-08-07,180.7598114013672,164.91810119628906,148.45144386291503,133.75617282867432
2025-08-08,182.689697265625,165.6624594116211,149.18927787780763,133.9812212753296
2025-08-09,182.689697265625,166.4394155883789,149.90021530151367,134.19067310333253
2025-08-10,182.689697265625,167.21637176513673,150.58225631713867,134.36893161773682
2025-08-11,182.0497283935547,167.98052856445312,151.25789764404297,134.54324054718018
2025-08-12,183.1496734619141,168.7602847290039,151.94453842163085,134.74604427337647
2025-08-13,181.5797576904297,169.43404693603514,152.62227920532226,134.94099842071535
2025-08-14,182.00973510742188,169.98821563720702,153.30711936950684,135.13810245513915
2025-08-15,180.4398193359375,170.49678680419922,153.94106483459473,135.44833053588866
2025-08-16,180.4398193359375,170.95076110839844,154.57191062927245,135.70572006225586
2025-08-17,180.4398193359375,171.40473541259766,155.20995559692383,135.98955387115478
2025-08-18,181.99972534179688,171.88990783691406,155.8635996246338,136.27643821716308
2025-08-19,175.63009643554688,172.24288787841797,156.45354736328125,136.55436943054198
2025-08-20,175.39010620117188,172.68486267089844,156.97760314941405,136.83110069274903
2025-08-21,174.97012329101562,173.03944244384766,157.42816787719727,137.1057320404053
2025-08-22,177.97996520996094,173.41242156982423,157.8547378540039,137.41245887756347
2025-08-23,177.97996520996094,173.78540069580077,158.28640716552735,137.70923789978028
2025-08-24,177.97996520996094,174.15837982177734,158.71237716674804,137.9751236343384
2025-08-25,179.79986572265625,174.5677569580078,159.1565461730957,138.2308631515503
2025-08-26,181.7597503662109,175.03833038330077,159.6203140258789,138.4906033706665
2025-08-27,181.5897674560547,175.4703060913086,160.08068222045898,138.74949367523195
2025-08-28,180.1598358154297,175.81608642578124,160.53864974975585,139.00123432159424
2025-08-29,174.170166015625,176.01767456054688,160.96251724243163,139.20438060760497
2025-08-30,174.170166015625,176.20286376953126,161.37608596801758,139.41137599945068
2025-08-31,174.170166015625,176.38805297851562,161.80505279541015,139.62666965484618
2025-09-01,174.170166015625,176.5732421875,162.23401962280275,139.82121784210204
2025-09-02,170.77037048339844,176.70743438720703,162.62898849487306,139.98097087860108
2025-09-03,170.61038208007812,176.70583465576172,163.02235748291017,140.13992397308348
2025-09-04,171.65032958984375,176.71163452148437,163.38403137207033,140.30407680511473
2025-09-05,167.01058959960938,176.59204132080077,163.70620681762696,140.44503093719482
2025-09-06,167.01058959960938,176.48424743652345,163.98458770751952,140.58323566436766
2025-09-07,167.01058959960938,176.3764535522461,164.30356353759765,140.72229022979735
2025-09-08,168.30050659179688,176.2944580078125,164.63543853759765,140.8633953475952
2025-09-09,170.7503662109375,176.28205841064454,164.99181213378907,141.04514362335206
2025-09-10,177.32000732421875,176.488046875,165.3913850402832,141.2597401046753
2025-09-11,177.1699981689453,176.61603942871093,165.7510627746582,141.47358654022216
